# Host: localhost  (Version 5.5.5-10.4.28-MariaDB)
# Date: 2023-11-14 14:28:19
# Generator: MySQL-Front 6.0  (Build 2.20)


#
# Structure for table "classify_2211501180"
#

DROP TABLE IF EXISTS `classify_2211501180`;
CREATE TABLE `classify_2211501180` (
  `data_bersih` tinytext NOT NULL,
  `id_actual` varchar(3) DEFAULT NULL,
  `id_predicted` varchar(3) DEFAULT NULL
) ENGINE=InnoDB DEFAULT CHARSET=utf8mb4 COLLATE=utf8mb4_general_ci;

#
# Data for table "classify_2211501180"
#


#
# Structure for table "galert_data_2211501180"
#

DROP TABLE IF EXISTS `galert_data_2211501180`;
CREATE TABLE `galert_data_2211501180` (
  `galert_id` varchar(300) NOT NULL DEFAULT '',
  `galert_title` tinytext DEFAULT NULL,
  `galert_link` tinytext DEFAULT NULL,
  `galert_update` tinytext DEFAULT NULL,
  PRIMARY KEY (`galert_id`)
) ENGINE=InnoDB DEFAULT CHARSET=utf8mb4 COLLATE=utf8mb4_general_ci;

#
# Data for table "galert_data_2211501180"
#

INSERT INTO `galert_data_2211501180` VALUES ('tag:google.com,2005:reader/user/05953105539127018830/state/com.google/alerts/13131142912319103882','Google Alert - mobil','','2023-11-10T21:33:02Z'),('tag:google.com,2005:reader/user/05953105539127018830/state/com.google/alerts/3649937463981313451','Google Alert - Paduan Suara','','2023-11-10T21:29:58Z'),('tag:google.com,2005:reader/user/05953105539127018830/state/com.google/alerts/5757806721204607762','Google Alert - Universitas','','2023-11-10T20:38:50Z'),('tag:google.com,2005:reader/user/05953105539127018830/state/com.google/alerts/892349981603083514','Google Alert - Basket','','2023-11-10T21:41:22Z'),('tag:google.com,2005:reader/user/05953105539127018830/state/com.google/alerts/9040692466099549886','Google Alert - Gaming','','2023-11-10T22:06:03Z');

#
# Structure for table "galert_entry_2211501180"
#

DROP TABLE IF EXISTS `galert_entry_2211501180`;
CREATE TABLE `galert_entry_2211501180` (
  `entry_id` varchar(300) NOT NULL,
  `entry_title` tinytext NOT NULL,
  `entry_link` tinytext NOT NULL,
  `entry_published` tinytext NOT NULL,
  `entry_updated` tinytext NOT NULL,
  `entry_content` tinytext NOT NULL,
  `entry_author` tinytext NOT NULL,
  `feed_id` varchar(300) NOT NULL DEFAULT '',
  PRIMARY KEY (`entry_id`)
) ENGINE=InnoDB DEFAULT CHARSET=utf8mb4 COLLATE=utf8mb4_general_ci;

#
# Data for table "galert_entry_2211501180"
#

INSERT INTO `galert_entry_2211501180` VALUES ('','','','','','','','tag:google.com,2005:reader/user/05953105539127018830/state/com.google/alerts/13131142912319103882'),('tag:google.com,2013:googlealerts/feed:1016074903631711867','Damian Lillard Terus Dorong adidas Membuat Sepatu <b>Basket</b> Murah - mainbasket.com','','2023-11-10T16:05:07Z','','&quot;Saya selalu bekerja sama dengan Adidas untuk memastikan bahwa sepatu utama Dame saya memiliki harga yang wajar untuk kategori sepatu <b>basket</b> performa&nbsp;...','  ','tag:google.com,2005:reader/user/05953105539127018830/state/com.google/alerts/892349981603083514'),('tag:google.com,2013:googlealerts/feed:10544022044904686547','Gandeng UMT, <b>Universitas</b> Pendidikan Indonesia Gelar PKM di Kampung Jimpitan','','2023-11-10T16:27:02Z','','Bantenkita.com ,- Kolaborasi dua arah antara <b>Universitas</b> Pendidikan Indonesia (UPI) dengan <b>Universitas</b> Muhammadiyah Tangerang (UMT) terlihat jelas&nbsp;...','  ','tag:google.com,2005:reader/user/05953105539127018830/state/com.google/alerts/5757806721204607762'),('tag:google.com,2013:googlealerts/feed:1074346292350967033','Penyangga Ekonomi Indramayu, Baher Minta Pasar Patrol Dapat Perhatian Khusus','','2023-11-10T16:56:56Z','','Ingin Kurangi Kiriman ke TPA Sarimukti, DLH Cimahi Gencarkan... Gandeng Bandung Choral Society dan Unpar, BNN Kampanyekan P4GN Lewat <b>Paduan Suara</b>.','  ','tag:google.com,2005:reader/user/05953105539127018830/state/com.google/alerts/3649937463981313451'),('tag:google.com,2013:googlealerts/feed:10836368215631385039','WATCH: Kevin Harvick gets reigning F1 Champion Max Verstappen&#39;s helmet as a retirement gift','','2023-11-10T14:39:20Z','','Max Verstappen gifts Kevin Harvick a race-worn helmet, symbolizing <b>Mobil</b> 1 legacy in their racing careers&#39; intersection.','  ','tag:google.com,2005:reader/user/05953105539127018830/state/com.google/alerts/13131142912319103882'),('tag:google.com,2013:googlealerts/feed:11267660182639352897','A bullish bet on Exxon <b>Mobil</b> using options after decline in crude oil prices - CNBC','','2023-11-10T15:47:43Z','','Despite all of that sounding quite bleak for energy and oil, I believe there is opportunity in Exxon <b>Mobil</b>.','  ','tag:google.com,2005:reader/user/05953105539127018830/state/com.google/alerts/13131142912319103882'),('tag:google.com,2013:googlealerts/feed:1134203406462836376','Acer Nitro V 15: Laptop <b>Gaming</b> Harga Terjangkau dengan Spesifikasi Unggulan','','2023-11-10T12:48:37Z','','1. Prosesor Tangguh &middot; 2. Kartu Grafis Berperforma Tinggi &middot; 3. Layar Full HD yang Tajam &middot; 4. Desain <b>Gaming</b> yang Menawan.','  ','tag:google.com,2005:reader/user/05953105539127018830/state/com.google/alerts/9040692466099549886'),('tag:google.com,2013:googlealerts/feed:11413460100235943595','Dewa United Punya MVP Final IBL','','2023-11-10T10:08:22Z','','Kerja Sama dengan Instagram, IBL Bangkitkan Gairah <b>Basket</b> Tanah Air. 09 ... Copyright © 2022 Indonesian <b>Basketball</b> League, All Right Reserved.','  ','tag:google.com,2005:reader/user/05953105539127018830/state/com.google/alerts/892349981603083514'),('tag:google.com,2013:googlealerts/feed:11466996654926437626','Palestine Society dari 29 <b>Universitas</b> UK Rilis Pernyataan Bela Palestina - Liputan6.com','','2023-11-10T10:02:12Z','','Liputan6.com, London - Kelompok mahasiswa pendukung Palestina di <b>universitas</b>-<b>universitas</b> Inggris memberikan pernyataan bersama untuk mendukung&nbsp;...','  ','tag:google.com,2005:reader/user/05953105539127018830/state/com.google/alerts/5757806721204607762'),('tag:google.com,2013:googlealerts/feed:1151326313292646466','BIE Annual Games 2023 Resmi Dibuka Total Hadiah Rp 65 Juta - Batamtoday.com','','2023-11-10T11:45:34Z','','... <b>Basket</b> &amp; Marathon. Harris Balerang. Annual Games kali ini juga memperebutkan hadiah lebih banyak dari tahun lalu, dengan total sejumlah Rp 65 juta&nbsp;...','  ','tag:google.com,2005:reader/user/05953105539127018830/state/com.google/alerts/892349981603083514'),('tag:google.com,2013:googlealerts/feed:11576225945213195906','Daniel Salamena Resmi Berseragam RANS - IBL','','2023-11-10T21:41:22Z','','... <b>basket</b> Perbanas. Mereka bertanding di World University <b>Basketball</b> ... BALI UNITED <b>BASKETBALL</b> CLUB, TIM <b>BASKET</b> PROFESIONAL PERTAMA DARI PULAU DEWATA.','  ','tag:google.com,2005:reader/user/05953105539127018830/state/com.google/alerts/892349981603083514'),('tag:google.com,2013:googlealerts/feed:11750554848975605989','Di Balik Tembok Penjara, Napi Lapas Cilegon Peringati Hari Pahlawan - banten pos','','2023-11-10T15:13:03Z','','... <b>paduan suara</b> yang menggetarkan hati para peserta upacara. ... Tidak hanya itu, kejutan lain datang ketika suara merdunya para warga binaan membentuk&nbsp;...','  ','tag:google.com,2005:reader/user/05953105539127018830/state/com.google/alerts/3649937463981313451'),('tag:google.com,2013:googlealerts/feed:11761777574065399578','Nubia Neo 5G: Smartphone <b>Gaming</b> 5G Terjangkau dengan Layar 120Hz dan RAM Hingga 18GB','','2023-11-10T14:09:30Z','','Nubia Neo 5G, disebut sebagai new series 5G <b>gaming</b> phone oleh ZTE Mobile Indonesia, menawarkan performa tinggi dengan harga terjangkau.','  ','tag:google.com,2005:reader/user/05953105539127018830/state/com.google/alerts/9040692466099549886'),('tag:google.com,2013:googlealerts/feed:1193727447637348158','Lagos announces closure of Marine Bridge for 6 weeks - Nairametrics','','2023-11-10T14:30:15Z','','Motorists heading to <b>Mobil</b> Road from Ijora/Apapa Road will be diverted to Ijora to link the Total Access Ramp inwards Malu Road to connect <b>Mobil</b> Road&nbsp;...','  ','tag:google.com,2005:reader/user/05953105539127018830/state/com.google/alerts/13131142912319103882'),('tag:google.com,2013:googlealerts/feed:12030097413299340295','Penjualan Nintendo Switch Mencapai 132.46 Juta - Media Formasi','','2023-11-10T11:45:52Z','','<b>Gaming</b> &middot; Teknologi. Berlangganan newsletter kami. Dapatkan postingan terbaru yang dikirim langsung ke kotak masuk kamu. Alamat email kamu.','  ','tag:google.com,2005:reader/user/05953105539127018830/state/com.google/alerts/9040692466099549886'),('tag:google.com,2013:googlealerts/feed:12179558218734343074','Terungkap! Ini Alasan Lenovo Stop Bikin HP <b>Gaming</b> - IndoGamers','','2023-11-10T21:31:28Z','','Legion Go, konsol handheld <b>gaming</b> terbaru Lenovo, jadi pusat perhatian dengan layar 8,8 inci, prosesor AMD Ryzen Z1 Extreme, dan grafis AMD RDNA. Baca&nbsp;...','  ','tag:google.com,2005:reader/user/05953105539127018830/state/com.google/alerts/9040692466099549886'),('tag:google.com,2013:googlealerts/feed:12279848003085669406','Rizal Falconi Balik ke Bandung - IBL','','2023-11-10T16:15:28Z','','... <b>basket</b> profesional Indonesia ... Tumbuh besar di Kota Pontianak, Kalimantan Barat, membuat Falconi tak seperti kebanyakan pebasket di Jakarta yang&nbsp;...','  ','tag:google.com,2005:reader/user/05953105539127018830/state/com.google/alerts/892349981603083514'),('tag:google.com,2013:googlealerts/feed:12409050692978581538','Exxon <b>Mobil</b> Corp (XOM) Up 0.69% in Premarket Trading - InvestorsObserver','','2023-11-10T13:38:56Z','','Exxon <b>Mobil</b> Corp (XOM) is higher by Friday morning, with the stock gaining 0.69% in pre-market trading to 103.67. XOM&#39;s short-term technical score&nbsp;...','  ','tag:google.com,2005:reader/user/05953105539127018830/state/com.google/alerts/13131142912319103882'),('tag:google.com,2013:googlealerts/feed:12582465972429910892','Repairs: Lagos shuts Marine Bridge for 41 days - Vanguard News','','2023-11-10T08:41:50Z','','“Consequently the following alternative routes will be open to motorists for the duration of the project; Motorists heading to <b>Mobil</b> Road from&nbsp;...','  ','tag:google.com,2005:reader/user/05953105539127018830/state/com.google/alerts/13131142912319103882'),('tag:google.com,2013:googlealerts/feed:12615428570193265531','Dividend Roundup: Exxon <b>Mobil</b>, Kroger, Waste Management, Devon Energy, and more','','2023-11-10T12:27:05Z','','Additionally, looking towards next week, industry players like Exxon <b>Mobil</b> (NYSE:XOM) and Kroger (NYSE:KR) will see the ex-dividend dates for their&nbsp;...','  ','tag:google.com,2005:reader/user/05953105539127018830/state/com.google/alerts/13131142912319103882'),('tag:google.com,2013:googlealerts/feed:12825849653385902523','Kemendag Menerima Kunjungan HIMA <b>Universitas</b> Airlangga, Surabaya','','2023-11-10T13:27:19Z','','Kemendag Menerima Kunjungan HIMA <b>Universitas</b> Airlangga, Surabaya. By Kementerian Perdagangan RI. Jumat, 10 November 2023 Pukul 16:39 WIB 77.','  ','tag:google.com,2005:reader/user/05953105539127018830/state/com.google/alerts/5757806721204607762'),('tag:google.com,2013:googlealerts/feed:13009963080844031748','Serunya Dunia <b>Gaming</b>: Daftar 83 Game PC Terbaru Rilis November 2023 - Gadget','','2023-11-10T17:53:30Z','','Jelajahi serunya dunia <b>gaming</b> dengan daftar 83 game PC terbaru yang dirilis pada bulan November 2023. Temukan game terkini yang memukau dan&nbsp;...','  ','tag:google.com,2005:reader/user/05953105539127018830/state/com.google/alerts/9040692466099549886'),('tag:google.com,2013:googlealerts/feed:13047913550273474605','Lepas Kontingen Pesparawi Kutim, Ini Pesan Wakil Bupati Kutai Timur | RITMEE.CO.ID','','2023-11-10T18:05:49Z','','RITMEE – Wakil Bupati Kutai Timur (Kutim) Kasmidi Bulang melepas peserta kontingen Pesta <b>Paduan Suara</b> Surgawi (Pesparawi) Kutim, Jumat (10/11/2023).','  ','tag:google.com,2005:reader/user/05953105539127018830/state/com.google/alerts/3649937463981313451'),('tag:google.com,2013:googlealerts/feed:13497558219093274637','Jeffrey W. Ubben Acquires 250000 Shares of Exxon <b>Mobil</b> Co. (NYSE:XOM) Stock','','2023-11-10T10:31:01Z','','Exxon <b>Mobil</b> had a return on equity of 20.72% and a net margin of 11.56%. The firm&#39;s revenue was down 19.0% compared to the same quarter last year.','  ','tag:google.com,2005:reader/user/05953105539127018830/state/com.google/alerts/13131142912319103882'),('tag:google.com,2013:googlealerts/feed:13597684542030955320','Wabup Nisut Buka Pelatihan Peserta Pesparani - MitaNews','','2023-11-10T14:47:35Z','','... <b>Paduan Suara</b>, Pelatihan Cerdas Cermat Rohani, dan Pelatihan Tutur Kitab Suci. Sementara itu, Anggota DPRD Kabupaten Nias Utara Ya&#39;aman Telaumbanua&nbsp;...','  ','tag:google.com,2005:reader/user/05953105539127018830/state/com.google/alerts/3649937463981313451'),('tag:google.com,2013:googlealerts/feed:13619722819025228678','Lenovo Kenalkan Line Up PC <b>Gaming</b> Legion dan Aksesoris - Gizmologi','','2023-11-10T13:15:38Z','','Lewat hadirnya Legion Go, Legion 9i, dan Legion Glasses, Lenovo ingin bisa membuka era baru solusi <b>gaming</b> canggih, meningkatkan pengalaman <b>gaming</b> bagi&nbsp;...','  ','tag:google.com,2005:reader/user/05953105539127018830/state/com.google/alerts/9040692466099549886'),('tag:google.com,2013:googlealerts/feed:13762073878974252890','Mahasiswa PPK Ormawa beserta KKN Tematik <b>Universitas</b> Diponegoro Menciptakan ...','','2023-11-10T10:45:02Z','','Mahasiswa PPK Ormawa beserta KKN tematik dari <b>Universitas</b> Diponegoro membawa keunikan dengan menciptakan motif batik yang menakjubkan di Desa Wisata&nbsp;...','  ','tag:google.com,2005:reader/user/05953105539127018830/state/com.google/alerts/5757806721204607762'),('tag:google.com,2013:googlealerts/feed:1384450955877202565','Unila Beri Penghargaan untuk 133 Mahasiswa Berprestasi - <b>Universitas</b> Lampung','','2023-11-10T09:43:48Z','','(Unila): <b>Universitas</b> Lampung (Unila) memberikan penghargaan kepada perwakilan mahasiswa berprestasi tingkat nasional dan internasional periode&nbsp;...','  ','tag:google.com,2005:reader/user/05953105539127018830/state/com.google/alerts/5757806721204607762'),('tag:google.com,2013:googlealerts/feed:14127739489855614489','Jadi Istri Cawapres, Penampilan Elegan Selvi Ananda Pakai Tas Branded Saat Temani Jan ...','','2023-11-10T11:20:53Z','','Memang, bukan kali ini saja Selvi Ananda terlihat menenteng tas meeah saat menemani anaknya bermain bola <b>basket</b>. Belum lama ini, tas mungil yang&nbsp;...','  ','tag:google.com,2005:reader/user/05953105539127018830/state/com.google/alerts/892349981603083514'),('tag:google.com,2013:googlealerts/feed:14303804298957087463','Roadshow Honda DBL, SMAN 3 Kota Bogor Yakin Juara','','2023-11-10T13:10:24Z','','Terima Roadshow Honda DBL with Kopi Good Day 2023 West Java Series, Tim <b>Basket</b> SMAN 3 Kota Bogor Siap Jadi Juara. Rany Sinaga; 10 November 2023 - 20:&nbsp;...','  ','tag:google.com,2005:reader/user/05953105539127018830/state/com.google/alerts/892349981603083514'),('tag:google.com,2013:googlealerts/feed:1444031699725963765','Museum LeBron James Akan Dibuka di Kampung Halaman Sang Bintang di Akron','','2023-11-10T18:54:57Z','','Perjalanan LeBron James dari anak ajaib bola <b>basket</b> menjadi pencetak poin terbanyak di NBA akan diabadikan di tempat ia memulai kariernya. Baca&nbsp;...','  ','tag:google.com,2005:reader/user/05953105539127018830/state/com.google/alerts/892349981603083514'),('tag:google.com,2013:googlealerts/feed:14800057465205124396','<b>Universitas</b> Muhammadiyah Karanganyar Siap Buka Prodi Baru, Cek Daftarnya - Soloraya','','2023-11-10T10:27:32Z','','<b>Universitas</b> Muhammadiyah Karanganyar atau Umuka tengah bersiap membuka enam program studi baru dengan jenjang sarjana (S1 dan D4).','  ','tag:google.com,2005:reader/user/05953105539127018830/state/com.google/alerts/5757806721204607762'),('tag:google.com,2013:googlealerts/feed:14962327613308572064','<b>Universitas</b> Brawijaya Juara Umum MTQMN XVII 2023 - Kominfo Jatim','','2023-11-10T16:16:25Z','','Jatim Newsroom- <b>Universitas</b> Brawijaya (UB) menjadi juara umum dalam Musabaqoh Tilawatil Qur&#39;an Mahasiswa Tingkat Nasional ke XVII.','  ','tag:google.com,2005:reader/user/05953105539127018830/state/com.google/alerts/5757806721204607762'),('tag:google.com,2013:googlealerts/feed:15132527333321479233','Kapolres Sergai Turut Hadir dalam Kegiatan Upacara Memperingati Hari Pahlawan ke','','2023-11-10T12:43:07Z','','Royamber Panjaitan, SE. Dalam uraian barisan, peserta upacara barisan korsik, barisan <b>paduan suara</b> ASN, barisan pasukan Paskibra, barisan Camat,','  ','tag:google.com,2005:reader/user/05953105539127018830/state/com.google/alerts/3649937463981313451'),('tag:google.com,2013:googlealerts/feed:15382664916093773611','Unpad Berangkatkan 36 Atlet ke Pomnas XVII','','2023-11-10T10:48:56Z','','Puti Azizah Ramadhia Budiman (FK) cabor <b>basket</b>;; Made Rania Calista Suhadhi (FTIP) cabor <b>basket</b>;; Vanindya Fachruddin (FISIP) cabor bridge;; Levina&nbsp;...','  ','tag:google.com,2005:reader/user/05953105539127018830/state/com.google/alerts/892349981603083514'),('tag:google.com,2013:googlealerts/feed:15414601215976707520','Exxon <b>Mobil</b> Is This Analyst&#39;s Top Pick, Citing Premium Valuation Relative To Peers - Benzinga','','2023-11-10T19:44:29Z','','Piper Sandler analyst Ryan M. Todd reiterated the Overweight rating on Exxon <b>Mobil</b> Corporation XOM with a price target of $136.','  ','tag:google.com,2005:reader/user/05953105539127018830/state/com.google/alerts/13131142912319103882'),('tag:google.com,2013:googlealerts/feed:15603150734353153235','Tembangkan Lagu Datanglah Kerajaanmu, <b>Paduan Suara</b> Cabang Bethesda Gemparkan Panggung','','2023-11-10T14:12:45Z','','AMBON, TRIBUNAMBON.COM - <b>Paduan Suara</b> AMGPM Cabang Bethesda menggemparkan seisi gedung Baileo Oikumene saat tampil dalam Festival Budaya AMGPM Daerah&nbsp;...','  ','tag:google.com,2005:reader/user/05953105539127018830/state/com.google/alerts/3649937463981313451'),('tag:google.com,2013:googlealerts/feed:15699412130358178025','Contoh Susunan Acara Upacara Hari Guru Nasional 25 November - iNews.ID','','2023-11-10T12:44:34Z','','Pengibaran bendera Merah Putih diiringi lagu kebangsaan Indonesia Raya oleh korsik/<b>paduan suara</b>. Mengheningkan cipta dipimpin oleh pembina upacara&nbsp;...','  ','tag:google.com,2005:reader/user/05953105539127018830/state/com.google/alerts/3649937463981313451'),('tag:google.com,2013:googlealerts/feed:15734495592977852229','Jelang HUT Korpri, ASN Pemkab Bulukumba Berbagi di Panti Asuhan - Newsurban','','2023-11-10T20:24:57Z','','Lomba pengucap Panca Prasetya Korpri, <b>paduan suara</b>, cerdas tangkas, tadarrus. Serta pengumpulan donasi gerakan “Seliter” Beras untuk Kemanusiaan&nbsp;...','  ','tag:google.com,2005:reader/user/05953105539127018830/state/com.google/alerts/3649937463981313451'),('tag:google.com,2013:googlealerts/feed:15908392138549587096','Darvin Ham Komentari Kekalahan Telak Lakers dari Rockets - Liga Olahraga','','2023-11-10T09:57:34Z','','Berita <b>Basket</b> NBA: Kesengsaraan Los Angeles Lakers terus berlanjut saat mereka dipermalukan oleh Houston Rockets. Darvin Ham komentari penampilan&nbsp;...','  ','tag:google.com,2005:reader/user/05953105539127018830/state/com.google/alerts/892349981603083514'),('tag:google.com,2013:googlealerts/feed:16217418669919747443','Ciattt Bisa Aja Nih, Shafira Dapat Kecupan Manis dari Julian | Di Antara Dua Cinta - Episode 48','','2023-11-10T15:32:41Z','','DI ANTARA DUA CINTA HARI INI, 10 NOVEMBER 2023 - FULL EPISODE 46 [ SAMPAI BERSAMBUNG ] TADI MALAM. roag <b>gaming</b> New 13K views &middot; 6:17. Go to channel&nbsp;...','  ','tag:google.com,2005:reader/user/05953105539127018830/state/com.google/alerts/9040692466099549886'),('tag:google.com,2013:googlealerts/feed:16260947230151610434','Jaring Bibit Pembasket Sejak Dini Melalui Festival Pelajar Paman Birin Cup','','2023-11-10T13:03:59Z','','Festival Pelajar Paman Birin Cup 3×3 <b>Basketball</b> Competion resmi dimulai di Lapangan <b>Basket</b> Amandit Kabupaten Hulu Sungai Selatan (HSS). Festival&nbsp;...','  ','tag:google.com,2005:reader/user/05953105539127018830/state/com.google/alerts/892349981603083514'),('tag:google.com,2013:googlealerts/feed:16298435505847551991','Cara Pengucapan Kata-kata dalam Menyanyi Disebut dan Penjelasannya | kumparan.com','','2023-11-10T14:34:19Z','','Untuk menguasai teknik ini, baik penyanyi solo atau <b>paduan suara</b> tentu memerlukan latihan yang intens. Mengutip dari situs, artikulasi vokal&nbsp;...','  ','tag:google.com,2005:reader/user/05953105539127018830/state/com.google/alerts/3649937463981313451'),('tag:google.com,2013:googlealerts/feed:16442604904871585585','Ajang Perkenalan Kampus, Unwahas Semarang Sukses Gelar Jambore Santri Daerah','','2023-11-10T21:29:58Z','','... <b>paduan suara</b>, baca puisi, pidato dua bahasa, pentas seni, dan MTQ. BERITA TERKAIT: Ajang Perkenalan Kampus, Unwahas Semarang Sukses Gelar Jambore&nbsp;...','  ','tag:google.com,2005:reader/user/05953105539127018830/state/com.google/alerts/3649937463981313451'),('tag:google.com,2013:googlealerts/feed:16553562704726067728','Konsortium Universiti <b>Universitas</b> Borneo sokong kemajuan IKN Nusantara','','2023-11-10T10:25:12Z','','Konsortium Universiti <b>Universitas</b> Borneo KUUB yang beranggotakan 16 <b>universitas</b> dari tiga negara di pulau Borneo yaitu Indonesia Malaysia dan&nbsp;...','  ','tag:google.com,2005:reader/user/05953105539127018830/state/com.google/alerts/5757806721204607762'),('tag:google.com,2013:googlealerts/feed:16869555400293251152','Berbagai Lomba Meriahkan HUT ke-24 Dharma Wanita Garut - Pemerintah Provinsi Jawa Barat','','2023-11-10T16:02:58Z','','Dharma Wanita Persatuan (DWP) Kabupaten Garut menggelar Lomba <b>Paduan Suara</b> dan Story Telling dalam rangka peringatan Hari Ulang Tahun (HUT) ke-24&nbsp;...','  ','tag:google.com,2005:reader/user/05953105539127018830/state/com.google/alerts/3649937463981313451'),('tag:google.com,2013:googlealerts/feed:16901723582004838866','Gas shortage hits Pindiites hard as winter sets in - The News International','','2023-11-10T21:33:02Z','','They have invented the &#39;<b>Mobil</b> Oil Stove&#39; which will give fire through disposed oil from motorcycle or car engines. But, it was very dangerous for&nbsp;...','  ','tag:google.com,2005:reader/user/05953105539127018830/state/com.google/alerts/13131142912319103882'),('tag:google.com,2013:googlealerts/feed:16945064894224708181','20 <b>Universitas</b> Terbaik di Asia Versi QS AUR 2024, Kampus Indonesia Nomor Berapa?','','2023-11-10T15:21:12Z','','Lembaga pemeringkatan bergengsi, Quacquarelli Symonds (QS) kembali merilis daftar <b>universitas</b> terbaik di Asia yakni QS Asia University Rankings&nbsp;...','  ','tag:google.com,2005:reader/user/05953105539127018830/state/com.google/alerts/5757806721204607762'),('tag:google.com,2013:googlealerts/feed:17106105172707998916','Foam Blowing Agents Market Dynamics, Technological Advancements, and ... - Digital Journal','','2023-11-10T16:21:53Z','','Foam Blowing Agents Market Dynamics, Technological Advancements, and Strategic Insights for Sustainable Growth by 2023-2030 | Arkema S.A., Exxon <b>Mobil</b>&nbsp;...','  ','tag:google.com,2005:reader/user/05953105539127018830/state/com.google/alerts/13131142912319103882'),('tag:google.com,2013:googlealerts/feed:17110939572340778643','Mengenal Teknologi <b>Mobil</b> Hybrid di Indonesia - YouTube','','2023-11-10T09:24:07Z','','... <b>Mobil</b> elektrifikasi banyak jenisnya, mulai dari hybrid ev, plug in hybrid ev, battery ev, hingga fuel cell ev. Toyota sendiri menyediakan berbagai&nbsp;...','  ','tag:google.com,2005:reader/user/05953105539127018830/state/com.google/alerts/13131142912319103882'),('tag:google.com,2013:googlealerts/feed:17540151757249196681','Mahasiswa Fakultas Hukum Usahid Kunjungan ke Bursa Efek Indonesia (BEI)','','2023-11-10T09:40:37Z','','Mahasiswa Fakultas Hukum <b>Universitas</b> Sahid mengikuti kegiatan Kunjungan ke Bursa Efek Indonesia (BEI), berlangsung 9 November 2023.','  ','tag:google.com,2005:reader/user/05953105539127018830/state/com.google/alerts/5757806721204607762'),('tag:google.com,2013:googlealerts/feed:18289497354889347429','Rekomendasi Tablet 2023 yang Layak Dibeli untuk Kalian Pekerja Mobile - Beritajatim.com','','2023-11-10T18:53:28Z','','Tablet ini memiliki layar besar dan indah dengan refresh rate 120Hz, prosesor yang kuat untuk multitasking dan <b>gaming</b>, dan baterai tahan lama yang&nbsp;...','  ','tag:google.com,2005:reader/user/05953105539127018830/state/com.google/alerts/9040692466099549886'),('tag:google.com,2013:googlealerts/feed:18344049125602128233','Desktop <b>Gaming</b> Dell Alienware Aurora R16 dengan Desain Baru, Perangkat Keras yang ...','','2023-11-10T11:55:11Z','','Ia hadir sebagai penerus Aurora R16 yang diumumkan awal tahun ini. Desktop <b>gaming</b> ini mengemas perangkat keras terbaik dalam bentuk yang lebih kecil&nbsp;...','  ','tag:google.com,2005:reader/user/05953105539127018830/state/com.google/alerts/9040692466099549886'),('tag:google.com,2013:googlealerts/feed:2185213634299527957','Here&#39;s Why EOG Resources (EOG) is an Attractive Investment Bet - Yahoo Finance','','2023-11-10T15:41:38Z','','Other energy space includes Matador Resources Company MTDR and Exxon <b>Mobil</b> Corporation XOM. While ExxonMobil carries a Zacks Rank #2, Matador&nbsp;...','  ','tag:google.com,2005:reader/user/05953105539127018830/state/com.google/alerts/13131142912319103882'),('tag:google.com,2013:googlealerts/feed:2209933970482900171','Daftar Peserta PIMNAS ke 36 Tahun 2023 UM (<b>Universitas</b> Negeri Malang)','','2023-11-10T09:44:50Z','','Daftar Peserta PIMNAS ke 36 Tahun 2023 UM (<b>Universitas</b> Negeri Malang) &middot; Berdasarkan Surat Pengumuman Balai Pengembangan Talenta Indonesia&nbsp;...','  ','tag:google.com,2005:reader/user/05953105539127018830/state/com.google/alerts/5757806721204607762'),('tag:google.com,2013:googlealerts/feed:2212704620307660290','Padukan Metode Remote Sensing dengan Ecological Governance, Mahasiswa <b>Universitas</b> ...','','2023-11-10T14:07:50Z','','<b>Universitas</b> Jember adalah institusi pendidikan tinggi berkelas dunia yang telah mengikrarkan diri sebagai Kampus Kebangsaan dan Kampus Pancasila.','  ','tag:google.com,2005:reader/user/05953105539127018830/state/com.google/alerts/5757806721204607762'),('tag:google.com,2013:googlealerts/feed:270089477464881269','30 <b>Universitas</b> Terbaik di Indonesia Versi QS AUR 2024, UI Nomor Satu','','2023-11-10T10:16:15Z','','Ada 857 <b>universitas</b> yang berasal dari 25 negara dan wilayah di Asia yang masuk pemeringkatan <b>universitas</b> terbaik versi QS AUR 2024.','  ','tag:google.com,2005:reader/user/05953105539127018830/state/com.google/alerts/5757806721204607762'),('tag:google.com,2013:googlealerts/feed:2707564042832898031','Inilah Para Peraih Dunia Games Awards 2023 - DroidLime','','2023-11-10T12:39:05Z','','Seluruh penerima penghargaan ini merupakan pilihan langsung dari para penggemar <b>gaming</b> dan e-sports di seluruh Indonesia melalui mekanisme voting yang&nbsp;...','  ','tag:google.com,2005:reader/user/05953105539127018830/state/com.google/alerts/9040692466099549886'),('tag:google.com,2013:googlealerts/feed:282186840126760308','Steam Deck OLED: Dukung HDR, Baterai Lebih Tahan Lama - YANGCANGGIH.COM','','2023-11-10T15:42:40Z','','... <b>Gaming</b>News. Steam Deck OLED: Dukung HDR, Baterai Lebih Tahan Lama. Yossie ... <b>Gaming</b> dengan Desain ala Konsol Genggam. 16 July 2021. Nintendo Switch&nbsp;...','  ','tag:google.com,2005:reader/user/05953105539127018830/state/com.google/alerts/9040692466099549886'),('tag:google.com,2013:googlealerts/feed:287959249525146263','USU Raih Peringkat 4 Nasional dalam MTQMN XVII UB 2023 | <b>Universitas</b> Sumatera Utara','','2023-11-10T20:38:50Z','','HUMAS USU - <b>Universitas</b> Sumatera Utara (USU) berhasil meraih peringkat 4 nasional dalam ajang Musabaqah Tilawatil Qur&#39;an Mahasiswa Nasional&nbsp;...','  ','tag:google.com,2005:reader/user/05953105539127018830/state/com.google/alerts/5757806721204607762'),('tag:google.com,2013:googlealerts/feed:3005233559625431803','Here&#39;s Why Exxon <b>Mobil</b> Is The Energy Stock to Own NOW | InvestorPlace','','2023-11-10T14:46:01Z','','XOM Has Great Financials. Exxon <b>Mobil&#39;s</b> robust balance sheet is among its most investment-worthy traits. &middot; Excellent for Passive Income Investors.','  ','tag:google.com,2005:reader/user/05953105539127018830/state/com.google/alerts/13131142912319103882'),('tag:google.com,2013:googlealerts/feed:3071017991183419948','Unila Gelar Workshop RPS Kolaboratif dan Partisipatif - <b>Universitas</b> Lampung','','2023-11-10T12:19:17Z','','(Unila): Lembaga Pengembangan Pembelajaran dan Penjaminan Mutu (LP3M) <b>Universitas</b> Lampung (Unila) menggelar Workshop Penyusunan RPS Kelas Kolaboratif&nbsp;...','  ','tag:google.com,2005:reader/user/05953105539127018830/state/com.google/alerts/5757806721204607762'),('tag:google.com,2013:googlealerts/feed:313083721810601679','Datangkan Hardianus, DNA Dewa United Banten Semakin Lengkap - Bolaskor.com','','2023-11-10T16:52:30Z','','Selain itu, Hardianus juga bereuni dengan Kaleb Ramot Gemilang yang sama-sama mengantarkan Timnas <b>Basket</b> Indonesa meraih prestasi. &quot;Pastinya&nbsp;...','  ','tag:google.com,2005:reader/user/05953105539127018830/state/com.google/alerts/892349981603083514'),('tag:google.com,2013:googlealerts/feed:3134371930134499091','Rekrut Hardianus, Dewa United Jadi Kandidat Kuat Juara IBL 2024 - JPNN.com','','2023-11-10T15:35:08Z','','Tim <b>basket</b> Dewa United Banten mengamankan jasa Hardianus dari Satria Muda Pertamina untuk IBL 2024.','  ','tag:google.com,2005:reader/user/05953105539127018830/state/com.google/alerts/892349981603083514'),('tag:google.com,2013:googlealerts/feed:3137890514856761007','Mengungkap Rahasia <b>Gaming</b> di Samsung Galaxy S23 FE, Dijamin Anti Nge-lag','','2023-11-10T22:05:59Z','','Galaxy S23 FE, smartphone flagship Fan Edition, harga terjangkau namun bisa menjadi solusi perangkat yang paling tepat untuk main game.','  ','tag:google.com,2005:reader/user/05953105539127018830/state/com.google/alerts/9040692466099549886'),('tag:google.com,2013:googlealerts/feed:3815284858932119131','One Piece Gandeng Acer &amp; Predator Dalam Tour Asia-nya - - Selular.ID','','2023-11-10T12:07:24Z','','“Hal ini sejalan dengan apa yang kami lakukan di Acer Indonesia melalui berbagai produk consumer dan lini produk <b>gaming</b> Predator, yang terus&nbsp;...','  ','tag:google.com,2005:reader/user/05953105539127018830/state/com.google/alerts/9040692466099549886'),('tag:google.com,2013:googlealerts/feed:3849637264968499565','BioMarin gains on report Elliott has a stake: Insider trades &amp; hedge funds weekly','','2023-11-10T21:17:04Z','','... <b>Mobil</b> , Amphenol, Air Products and Chemicals, and Sarepta Therapeutics. InvestingPro subscribers got this news first. Never miss another market&nbsp;...','  ','tag:google.com,2005:reader/user/05953105539127018830/state/com.google/alerts/13131142912319103882'),('tag:google.com,2013:googlealerts/feed:3872362133205586210','Cash Dividend On The Way From Exxon <b>Mobil</b> (XOM) - Nasdaq','','2023-11-10T15:04:42Z','','Looking at the universe of stocks we cover at Dividend Channel, on 11/14/23, Exxon <b>Mobil</b> Corp (Symbol: XOM) will trade ex-dividend,&nbsp;...','  ','tag:google.com,2005:reader/user/05953105539127018830/state/com.google/alerts/13131142912319103882'),('tag:google.com,2013:googlealerts/feed:4548029828754062337','Wali Kota Palu dan KPU-Bawaslu Teken NPHD Pilkada 2024 - Harian Sulteng','','2023-11-10T13:49:55Z','','Cindy Gulla hadiri lomba <b>paduan suara</b> di acara festival kebangsaan di Taman GOR, Kota Palu &middot; Palu. Usai Kaledo dan Ikan Bakar Biromaru, Cindy Eks&nbsp;...','  ','tag:google.com,2005:reader/user/05953105539127018830/state/com.google/alerts/3649937463981313451'),('tag:google.com,2013:googlealerts/feed:4712552981903255617','Peduli Palestina, Siswa SMA 10 Gelar Orasi Pesan Cinta - Radar Banten','','2023-11-10T11:16:21Z','','Akhmad Sujadi mengatakan, dalam aksi tersebut pihaknya juga menampilkan <b>paduan suara</b> yang terdiri dari para siswa yang beragama islam dan kristen.','  ','tag:google.com,2005:reader/user/05953105539127018830/state/com.google/alerts/3649937463981313451'),('tag:google.com,2013:googlealerts/feed:4822641040116676199','Hari Pahlawan, Rieke Diah Pitaloka Rilis Yaa Lal Wathon di Pondok Pesantren','','2023-11-10T14:16:40Z','','Bahkan ia juga turut melibatkan <b>paduan suara</b> PSM ISI Yogyakarta. Selain itu, ada nama Dedy Harmanto dan Mardian Supriadi sebagai orang dibalik&nbsp;...','  ','tag:google.com,2005:reader/user/05953105539127018830/state/com.google/alerts/3649937463981313451'),('tag:google.com,2013:googlealerts/feed:4932308508119926192','BIE Annual Games 2023 Dimeriahkan Ribuan Karyawan... - presmedia.id','','2023-11-10T14:25:40Z','','... <b>basket</b> dan marathon. “Annual Games kali ini memperebutkan hadiah 2 kali lipat lebih banyak dari tahun lalu. Dulunya Rp 35 juta dan sekarang total&nbsp;...','  ','tag:google.com,2005:reader/user/05953105539127018830/state/com.google/alerts/892349981603083514'),('tag:google.com,2013:googlealerts/feed:5008891501512106803','Exxon <b>Mobil</b> Could Follow Crude Oil Prices Lower - Real Money Pro - TheStreet','','2023-11-10T17:22:04Z','','Exxon <b>Mobil</b> (XOM) has made what looks like a large top formation. This top has bearish implications that could last into 2024. Let&#39;s check it out.','  ','tag:google.com,2005:reader/user/05953105539127018830/state/com.google/alerts/13131142912319103882'),('tag:google.com,2013:googlealerts/feed:5068461127302271070','Laptop Legion 9i Punya Desain Paling Agresif - MSN','','2023-11-10T15:31:42Z','','... <b>gaming</b> dari Lenovo,” ucap Clifford Chong, <b>Gaming</b> Category Manager Lenovo Asia Pacific. Salah satu yang menjadi pusat perhatian dan menjadi hal&nbsp;...','  ','tag:google.com,2005:reader/user/05953105539127018830/state/com.google/alerts/9040692466099549886'),('tag:google.com,2013:googlealerts/feed:5078714484016473607','HUT Korpri Ketapang Gelar Fun Run 5K - Pontianak Post','','2023-11-10T10:45:03Z','','Di antaranya pembacaan Panca Praseya Korpri, <b>paduan suara</b> Mars Korpri, tenis meja, dan Fun Run 5K. Kegiatan Fun Run ini rencananya akan&nbsp;...','  ','tag:google.com,2005:reader/user/05953105539127018830/state/com.google/alerts/3649937463981313451'),('tag:google.com,2013:googlealerts/feed:5494367896600102861','Jelang HUT Korpri, Sekda Bulukumba Datangi ki Panti Asuhan Sambil Berbagi','','2023-11-10T11:21:36Z','','... <b>paduan suara</b>, cerdas tangkas, tadarrus, serta pengumpulan donasi gerakan “Seliter” Beras untuk Kemanusiaan dari ASN. “Juga akan ada jalan santai&nbsp;...','  ','tag:google.com,2005:reader/user/05953105539127018830/state/com.google/alerts/3649937463981313451'),('tag:google.com,2013:googlealerts/feed:5594284115153499357','<b>Universitas</b> Pertamina Didorong Bisa Tekankan Sustainability Skills - Marketeers','','2023-11-10T16:30:05Z','','Transisi energi dan program dekarbonisasi merupakan salah satu hal yang terus diperhatikan oleh <b>Universitas</b> Pertamina.','  ','tag:google.com,2005:reader/user/05953105539127018830/state/com.google/alerts/5757806721204607762'),('tag:google.com,2013:googlealerts/feed:5618655813871215749','Your Stories Q&amp;A: How far will gas prices drop? - InformNNY.com','','2023-11-10T17:52:14Z','','... <b>Mobil</b> gas station following Russia&#39;s invasion of Ukraine, in West Hollywood, Calif., Friday, Feb. 25, 2022. (AP Photo/Damian Dovarganes). by: Ryan&nbsp;...','  ','tag:google.com,2005:reader/user/05953105539127018830/state/com.google/alerts/13131142912319103882'),('tag:google.com,2013:googlealerts/feed:5984382715403809183','Sudah Coba Samsung A05s? HP Entry Level Rp 2 Jutaan! Performa <b>Gaming</b> Dahsyat ...','','2023-11-10T22:06:03Z','','Samsung A05s: HP Entry Level Rp2 Jutaan Bikin Minder Merek Lain, Dari Performa <b>Gaming</b> hingga Desain Stylish! Simak Pembahasannya Disini.','  ','tag:google.com,2005:reader/user/05953105539127018830/state/com.google/alerts/9040692466099549886'),('tag:google.com,2013:googlealerts/feed:6134764309953541077','iQOO 12 Series, Ponsel Flagship Terbaru dengan Performa Snapdragon 8 Gen 3 <b>Gaming</b> ...','','2023-11-10T14:03:59Z','','Ini tidak hanya menjaga suhu tetap rendah, tetapi juga memastikan distribusi panas yang merata, memberikan kinerja optimal selama sesi <b>gaming</b> panjang.','  ','tag:google.com,2005:reader/user/05953105539127018830/state/com.google/alerts/9040692466099549886'),('tag:google.com,2013:googlealerts/feed:6286837282366549596','Nubia Neo 5G: HP <b>Gaming</b> Murah dengan Performa Tinggi - Bicara Berita','','2023-11-10T11:51:02Z','','BICARA BERITA - Hadir sebagai bagian dari keluarga ZTE Mobile Indonesia, Nubia Neo 5G disebut sebagai new series 5G <b>gaming</b> phone yang menawarkan&nbsp;...','  ','tag:google.com,2005:reader/user/05953105539127018830/state/com.google/alerts/9040692466099549886'),('tag:google.com,2013:googlealerts/feed:6420304841645207634','Haezargraves Tumuwo Langsung Bersinar Terang di DBL 2023 Seri Sulut - swara kawanua','','2023-11-10T10:01:49Z','','Sejak kecil Haezargraves sudah mencintai <b>basket</b>, terlahir sebagai anak dari pelatih <b>Basket</b> Herry Tumuwo, hampir setiap hari ia bermain <b>basket</b>.','  ','tag:google.com,2005:reader/user/05953105539127018830/state/com.google/alerts/892349981603083514'),('tag:google.com,2013:googlealerts/feed:6690937702863007007','Indra Brotolaras Ngaku Tergila-gila Sejak Awal Pada Laura Theux - YouTube','','2023-11-10T15:11:23Z','','roag <b>gaming</b> New 7.1K views &middot; 7:24. Go to channel &middot; TAKDIR CINTA YANG KUPILIH HARI INI 6 NOVEMBER 2023 || EPISODE 493 { FULL EPISODE - HD 100% }. Aulia&nbsp;...','  ','tag:google.com,2005:reader/user/05953105539127018830/state/com.google/alerts/9040692466099549886'),('tag:google.com,2013:googlealerts/feed:671342255841201513','Festival Pelajar 3x3 <b>Basketball</b> se-Banua Anam, 26 Tim Berlaga di Lapangan Amandit ...','','2023-11-10T15:27:14Z','','Festival Pelajar Paman Birin Cup 3x3 <b>Basketball</b> Competition di Lapangan <b>Basket</b> Amandit, Kota Kandangan, Kabupaten HSS, Kalsel.','  ','tag:google.com,2005:reader/user/05953105539127018830/state/com.google/alerts/892349981603083514'),('tag:google.com,2013:googlealerts/feed:6740761619678632671','Bawa Kamera Selfie 50MP hingga Chipsetnya Bisa untuk <b>Gaming</b> Berat, Harga Vivo V29e ...','','2023-11-10T22:03:24Z','','Berikut spesifikasi dan harga terbaru Vivo V29e 5G di Bulan November 2023, HP premium yang lagi diincar oleh para konten kreator.','  ','tag:google.com,2005:reader/user/05953105539127018830/state/com.google/alerts/9040692466099549886'),('tag:google.com,2013:googlealerts/feed:6766470074795795231','Bamsoet Terima Penghargaan Legal Politic Leadership dari HeyLaw International dan ...','','2023-11-10T13:43:46Z','','Darwati Susilastuti, Direktur Pascasarjana <b>Universitas</b> Borobudur sekaligus Ketua Program Studi Doktor Ilmu Hukum <b>Universitas</b> Borobudur Prof. Faisal&nbsp;...','  ','tag:google.com,2005:reader/user/05953105539127018830/state/com.google/alerts/5757806721204607762'),('tag:google.com,2013:googlealerts/feed:6802679953257030360','8 <b>Universitas</b> Terbaik di Jawa Barat Versi QS AUR 2024, Ada Kampusmu? - detikcom','','2023-11-10T10:02:56Z','','Jakarta - Quacquarelli Symonds (QS) kembali mengeluarkan peringkat <b>universitas</b> terbaik di Asia tahun 2024. Quacquarelli Symonds Asia University&nbsp;...','  ','tag:google.com,2005:reader/user/05953105539127018830/state/com.google/alerts/5757806721204607762'),('tag:google.com,2013:googlealerts/feed:69252711264683161','Piper Sandler Analyst Supports Exxon <b>Mobil</b> as Top Choice in Market - Best Stocks','','2023-11-10T20:33:21Z','','On November 10, 2023, Piper Sandler analyst Ryan M. Todd expressed his strong support for Exxon <b>Mobil</b> Corporation (NYSE:XOM) as his top choice in&nbsp;...','  ','tag:google.com,2005:reader/user/05953105539127018830/state/com.google/alerts/13131142912319103882'),('tag:google.com,2013:googlealerts/feed:6959928286328202119','US oilfield firms offer dour views as shale budgets dwindle - Reuters','','2023-11-10T14:10:09Z','','Exxon <b>Mobil</b> Corp. Follow. Show more companies. HOUSTON, Nov 10 (Reuters) - Oilfield service companies that cater to U.S. shale oil and gas producers&nbsp;...','  ','tag:google.com,2005:reader/user/05953105539127018830/state/com.google/alerts/13131142912319103882'),('tag:google.com,2013:googlealerts/feed:7183363227697903703','Gubernur Khofifah Pimpin Upacara Peringatan Hari Pahlawan 2023 - petisi.co','','2023-11-10T14:04:25Z','','Dimeriahkan dengan tampilan <b>paduan suara</b> kolaborasi dari siswa siswi SMA Takmiriyah Surabaya, SMA Katolik Stella Maris, SMA Kristen Pirngadi&nbsp;...','  ','tag:google.com,2005:reader/user/05953105539127018830/state/com.google/alerts/3649937463981313451'),('tag:google.com,2013:googlealerts/feed:7334082268972034342','Wisuda USK: Nuansa Peduli Palestina dan Prestasi Lulusan dari Benua Afrika','','2023-11-10T12:43:42Z','','Tim <b>Paduan Suara</b> USK memukau dengan membawakan lagu “We Will Not Go Down” yang sangat terkenal. Rektor USK, Prof. Dr. Ir. Marwan, bahkan&nbsp;...','  ','tag:google.com,2005:reader/user/05953105539127018830/state/com.google/alerts/3649937463981313451'),('tag:google.com,2013:googlealerts/feed:7417861826270845372','WATCH: Car theft suspect nonchalantly lets himself into unlocked, running vehicle | WPEC','','2023-11-10T16:00:37Z','','The theft occurred just past midnight Saturday at a <b>Mobil</b> gas station off Southwest Fountainview Boulevard. See also: Stuart house fire claims&nbsp;...','  ','tag:google.com,2005:reader/user/05953105539127018830/state/com.google/alerts/13131142912319103882'),('tag:google.com,2013:googlealerts/feed:7441901263797512300','Keren! UB Jadi Juara Umum MTQMN XVII 2023 - Medcom.id','','2023-11-10T13:14:45Z','','Keren! <b>Paduan Suara</b> UB, FLOICE Sabet Gold Medal di Busan&nbsp;...','  ','tag:google.com,2005:reader/user/05953105539127018830/state/com.google/alerts/3649937463981313451'),('tag:google.com,2013:googlealerts/feed:7716761112950359009','Bank Jatim Nextgen Student League (NSL) with Jawa Pos 2023 Siap Cetak Pebasket Andal ...','','2023-11-10T11:42:05Z','','... <b>basket</b> internasional. Baca Juga: Rahasia Pandu Wiguna, Pemain Timnas <b>Basket</b>, Bebas Mata Minus Juara Indonesian <b>Basketball</b> League 2023. Dance&nbsp;...','  ','tag:google.com,2005:reader/user/05953105539127018830/state/com.google/alerts/892349981603083514'),('tag:google.com,2013:googlealerts/feed:7922986189145687347','Renovasi Stadion Gelora Delta Sidoarjo Bakal Dimulai Bulan Depan hingga Juli 2024','','2023-11-10T16:06:14Z','','Baca Juga : Tim <b>Basket</b> Putra Sidoarjo Tumbangkan Tim <b>Basket</b> Mojokerto di Porprov Jatim 2023. “Hasilnya besok (Senin) akan sampaikan. Sekarang masih&nbsp;...','  ','tag:google.com,2005:reader/user/05953105539127018830/state/com.google/alerts/892349981603083514'),('tag:google.com,2013:googlealerts/feed:8371089204014201345','Memanfaatkan Hidrogen Menuju Indonesia Bebas Emisi - <b>Universitas</b> Gadjah Mada','','2023-11-10T09:43:25Z','','Fakultas Teknik UGM berkolaborasi dengan Toyota menyelenggarakan seminar nasional dalam rangka 100 tahun industri otomotif Indonesia.','  ','tag:google.com,2005:reader/user/05953105539127018830/state/com.google/alerts/5757806721204607762'),('tag:google.com,2013:googlealerts/feed:843061394287766226','MAN Alor Gelar ABM Tahun 2023 - Kemenag NTT','','2023-11-10T17:10:27Z','','Foto : Iringi Pembukaan Pesparawi, <b>Paduan Suara</b> MAN Alor Tampil Memukau &middot; Iringi Pembukaan Pesparawi, <b>Paduan Suara</b> MAN Alor Tampil Memukau. Jumat, 03&nbsp;...','  ','tag:google.com,2005:reader/user/05953105539127018830/state/com.google/alerts/3649937463981313451'),('tag:google.com,2013:googlealerts/feed:850191375641467294','<b>Universitas</b> Pertamina Berperan Cetak SDM yang Mampu Dukung Transisi Energi dan ... - JPNN.com','','2023-11-10T13:04:47Z','','Nicke Widyawati mengatakan <b>Universitas</b> Pertamina harus berperan menyiapkan lulusan dengan keterampilan berkelanjutan demi menghadapi tantangan&nbsp;...','  ','tag:google.com,2005:reader/user/05953105539127018830/state/com.google/alerts/5757806721204607762'),('tag:google.com,2013:googlealerts/feed:9190481525992080545','Siswa SMA Se-Kota Makassar Adu Bakat di Classy Yamaha Youth Festival - Detik.com','','2023-11-10T15:37:51Z','','Sementara itu, kapten tim <b>basket</b> SMA Negeri 3 Makassar Alif menyebut timnya telah mempersiapkan diri sebelum bertanding di GOR Andi Mattalatta, yang&nbsp;...','  ','tag:google.com,2005:reader/user/05953105539127018830/state/com.google/alerts/892349981603083514'),('tag:google.com,2013:googlealerts/feed:9857719871304893713','5 Rekomendasi Hp <b>Gaming</b> Rp1 Jutaan Terbaik Akhir 2023, Performa Juara dengan Baterai ...','','2023-11-10T17:10:39Z','','Hp <b>gaming</b> 1 jutaan Rupiah tidak pernah sepi peminat dan kehilangan penggemar.','  ','tag:google.com,2005:reader/user/05953105539127018830/state/com.google/alerts/9040692466099549886'),('tag:google.com,2013:googlealerts/feed:9873498097531375324','Raih Juara 3 &amp; 4, Tim Bola <b>Basket</b> SMP Negeri 1 Kota Cirebon Dapat Pengalaman ...','','2023-11-10T12:00:54Z','','Adapun hasil kejuaraan bola <b>basket</b> Putra Walikota Bandung Lima Cup 4 jenjang SMP tingkat nasional yang digelar sejak 30 Oktober hingga 9 November 2023&nbsp;...','  ','tag:google.com,2005:reader/user/05953105539127018830/state/com.google/alerts/892349981603083514');

#
# Structure for table "kategori_2211501180"
#

DROP TABLE IF EXISTS `kategori_2211501180`;
CREATE TABLE `kategori_2211501180` (
  `id_kategori` int(11) unsigned NOT NULL AUTO_INCREMENT,
  `nm_kategori` varchar(50) NOT NULL DEFAULT '',
  PRIMARY KEY (`id_kategori`)
) ENGINE=InnoDB AUTO_INCREMENT=8 DEFAULT CHARSET=utf8mb4 COLLATE=utf8mb4_general_ci;

#
# Data for table "kategori_2211501180"
#

INSERT INTO `kategori_2211501180` VALUES (1,'mobil'),(2,'Paduan Suara'),(3,'Universitas'),(4,'Basket'),(5,'Gaming');

#
# Structure for table "preprocessing_2211501180"
#

DROP TABLE IF EXISTS `preprocessing_2211501180`;
CREATE TABLE `preprocessing_2211501180` (
  `entry_id` varchar(300) NOT NULL,
  `p_cf` tinytext NOT NULL,
  `p_simbol` tinytext NOT NULL,
  `p_sword` tinytext NOT NULL,
  `p_stopword` tinytext NOT NULL,
  `p_stemming` tinytext NOT NULL,
  `p_tokenisasi` tinytext NOT NULL,
  `data_bersih` tinytext NOT NULL,
  `id_kategori` int(11) DEFAULT NULL,
  PRIMARY KEY (`entry_id`)
) ENGINE=InnoDB DEFAULT CHARSET=utf8mb4 COLLATE=utf8mb4_general_ci;

#
# Data for table "preprocessing_2211501180"
#

INSERT INTO `preprocessing_2211501180` VALUES ('tag:google.com,2013:googlealerts/feed:1016074903631711867','&quot;saya selalu bekerja sama dengan adidas untuk memastikan bahwa sepatu utama dame saya memiliki harga yang wajar untuk kategori sepatu <b>basket</b> performa&nbsp;...','quotsaya selalu bekerja sama dengan adidas untuk memastikan bahwa sepatu utama dame saya memiliki harga yang wajar untuk kategori sepatu bbasketb performanbsp','quotsaya selalu bekerja sama dengan adidas untuk memastikan bahwa sepatu utama dame saya memiliki harga yang wajar untuk kategori sepatu bbasketb performanbsp','quotsaya bekerja adidas memastikan sepatu utama dame memiliki harga wajar kategori sepatu bbasketb performanbsp','quotsaya kerja adidas pasti sepatu utama dame milik harga wajar kategori sepatu bbasketb performanbsp','quotsaya,kerja,adidas,pasti,sepatu,utama,dame,milik,harga,wajar,kategori,sepatu,bbasketb,performanbsp','quotsaya kerja adidas pasti sepatu utama dame milik harga wajar kategori sepatu bbasketb performanbsp',4),('tag:google.com,2013:googlealerts/feed:10544022044904686547','bantenkita.com ,- kolaborasi dua arah antara <b>universitas</b> pendidikan indonesia (upi) dengan <b>universitas</b> muhammadiyah tangerang (umt) terlihat jelas&nbsp;...','bantenkitacom  kolaborasi dua arah antara buniversitasb pendidikan indonesia upi dengan buniversitasb muhammadiyah tangerang umt terlihat jelasnbsp','bantenkitacom  kolaborasi dua arah antara buniversitasb pendidikan indonesia upi dengan buniversitasb muhammadiyah tangerang umt terlihat jelasnbsp','bantenkitacom  kolaborasi dua arah buniversitasb pendidikan indonesia upi buniversitasb muhammadiyah tangerang umt terlihat jelasnbsp','bantenkitacom kolaborasi dua arah buniversitasb didik indonesia upi buniversitasb muhammadiyah tangerang umt lihat jelasnbsp','bantenkitacom,kolaborasi,dua,arah,buniversitasb,didik,indonesia,upi,buniversitasb,muhammadiyah,tangerang,umt,lihat,jelasnbsp','bantenkitacom kolaborasi dua arah buniversitasb didik indonesia upi buniversitasb muhammadiyah tangerang umt lihat jelasnbsp',3),('tag:google.com,2013:googlealerts/feed:1074346292350967033','ingin kurangi kiriman ke tpa sarimukti, dlh cimahi gencarkan... gandeng bandung choral society dan unpar, bnn kampanyekan p4gn lewat <b>paduan suara</b>.','ingin kurangi kiriman ke tpa sarimukti dlh cimahi gencarkan gandeng bandung choral society dan unpar bnn kampanyekan pgn lewat bpaduan suarab','ingin kurangi kiriman ke tpa sarimukti dlh cimahi gencarkan gandeng bandung choral society dan unpar bnn kampanyekan pgn lewat bpaduan suarab','kurangi kiriman tpa sarimukti dlh cimahi gencarkan gandeng bandung choral society unpar bnn kampanyekan pgn lewat bpaduan suarab','kurang kirim tpa sarimukti dlh cimahi gencar gandeng bandung choral society unpar bnn kampanye pgn lewat bpaduan suarab','kurang,kirim,tpa,sarimukti,dlh,cimahi,gencar,gandeng,bandung,choral,society,unpar,bnn,kampanye,pgn,lewat,bpaduan,suarab','kurang kirim tpa sarimukti dlh cimahi gencar gandeng bandung choral society unpar bnn kampanye pgn lewat bpaduan suarab',2),('tag:google.com,2013:googlealerts/feed:10836368215631385039','max verstappen gifts kevin harvick a race-worn helmet, symbolizing <b>mobil</b> 1 legacy in their racing careers&#39; intersection.','max verstappen gifts kevin harvick a raceworn helmet symbolizing bmobilb  legacy in their racing careers intersection','max verstappen gifts kevin harvick a raceworn helmet symbolizing bmobilb  legacy in their racing careers intersection','max verstappen gifts kevin harvick a raceworn helmet symbolizing bmobilb  legacy in their racing careers intersection','max verstappen gifts kevin harvick a raceworn helmet symbolizing bmobilb legacy in their racing careers intersection','max,verstappen,gifts,kevin,harvick,a,raceworn,helmet,symbolizing,bmobilb,legacy,in,their,racing,careers,intersection','max verstappen gifts kevin harvick a raceworn helmet symbolizing bmobilb legacy in their racing careers intersection',1),('tag:google.com,2013:googlealerts/feed:11267660182639352897','despite all of that sounding quite bleak for energy and oil, i believe there is opportunity in exxon <b>mobil</b>.','despite all of that sounding quite bleak for energy and oil i believe there is opportunity in exxon bmobilb','despite all of that sounding quite bleak for energy and oil i believe there is opportunity in exxon bmobilb','despite all of that sounding quite bleak for energy and oil i believe there is opportunity in exxon bmobilb','despite all of that sounding quite bleak for energy and oil i believe there is opportunity in exxon bmobilb','despite,all,of,that,sounding,quite,bleak,for,energy,and,oil,i,believe,there,is,opportunity,in,exxon,bmobilb','despite all of that sounding quite bleak for energy and oil i believe there is opportunity in exxon bmobilb',1),('tag:google.com,2013:googlealerts/feed:1134203406462836376','1. prosesor tangguh &middot; 2. kartu grafis berperforma tinggi &middot; 3. layar full hd yang tajam &middot; 4. desain <b>gaming</b> yang menawan.',' prosesor tangguh middot  kartu grafis berperforma tinggi middot  layar full hd yang tajam middot  desain bgamingb yang menawan',' prosesor tangguh middot  kartu grafis berperforma tinggi middot  layar full hd yang tajam middot  desain bgamingb yang menawan',' prosesor tangguh middot  kartu grafis berperforma tinggi middot  layar full hd tajam middot  desain bgamingb menawan','prosesor tangguh middot kartu grafis performa tinggi middot layar full hd tajam middot desain bgamingb tawan','prosesor,tangguh,middot,kartu,grafis,performa,tinggi,middot,layar,full,hd,tajam,middot,desain,bgamingb,tawan','prosesor tangguh middot kartu grafis performa tinggi middot layar full hd tajam middot desain bgamingb tawan',5),('tag:google.com,2013:googlealerts/feed:11413460100235943595','kerja sama dengan instagram, ibl bangkitkan gairah <b>basket</b> tanah air. 09 ... copyright © 2022 indonesian <b>basketball</b> league, all right reserved.','kerja sama dengan instagram ibl bangkitkan gairah bbasketb tanah air   copyright   indonesian bbasketballb league all right reserved','kerja sama dengan instagram ibl bangkitkan gairah bbasketb tanah air   copyright   indonesian bbasketballb league all right reserved','kerja instagram ibl bangkitkan gairah bbasketb tanah air   copyright   indonesian bbasketballb league all right reserved','kerja instagram ibl bangkit gairah bbasketb tanah air copyright indonesian bbasketballb league all right reserved','kerja,instagram,ibl,bangkit,gairah,bbasketb,tanah,air,copyright,indonesian,bbasketballb,league,all,right,reserved','kerja instagram ibl bangkit gairah bbasketb tanah air copyright indonesian bbasketballb league all right reserved',4),('tag:google.com,2013:googlealerts/feed:11466996654926437626','liputan6.com, london - kelompok mahasiswa pendukung palestina di <b>universitas</b>-<b>universitas</b> inggris memberikan pernyataan bersama untuk mendukung&nbsp;...','liputancom london  kelompok mahasiswa pendukung palestina di buniversitasbbuniversitasb inggris memberikan pernyataan bersama untuk mendukungnbsp','liputancom london  kelompok mahasiswa pendukung palestina di buniversitasbbuniversitasb inggris memberikan pernyataan bersama untuk mendukungnbsp','liputancom london  kelompok mahasiswa pendukung palestina buniversitasbbuniversitasb inggris memberikan pernyataan mendukungnbsp','liputancom london kelompok mahasiswa dukung palestina buniversitasbbuniversitasb inggris beri nyata mendukungnbsp','liputancom,london,kelompok,mahasiswa,dukung,palestina,buniversitasbbuniversitasb,inggris,beri,nyata,mendukungnbsp','liputancom london kelompok mahasiswa dukung palestina buniversitasbbuniversitasb inggris beri nyata mendukungnbsp',3),('tag:google.com,2013:googlealerts/feed:1151326313292646466','... <b>basket</b> &amp; marathon. harris balerang. annual games kali ini juga memperebutkan hadiah lebih banyak dari tahun lalu, dengan total sejumlah rp 65 juta&nbsp;...',' bbasketb amp marathon harris balerang annual games kali ini juga memperebutkan hadiah lebih banyak dari tahun lalu dengan total sejumlah rp  jutanbsp',' bbasketb amp marathon harris balerang annual games kali ini juga memperebutkan hadiah lebih banyak dari tahun lalu dengan total sejumlah rp  jutanbsp',' bbasketb amp marathon harris balerang annual games memperebutkan hadiah tahun total sejumlah rp  jutanbsp','bbasketb amp marathon harris balerang annual games rebut hadiah tahun total jumlah rp jutanbsp','bbasketb,amp,marathon,harris,balerang,annual,games,rebut,hadiah,tahun,total,jumlah,rp,jutanbsp','bbasketb amp marathon harris balerang annual games rebut hadiah tahun total jumlah rp jutanbsp',4),('tag:google.com,2013:googlealerts/feed:11576225945213195906','... <b>basket</b> perbanas. mereka bertanding di world university <b>basketball</b> ... bali united <b>basketball</b> club, tim <b>basket</b> profesional pertama dari pulau dewata.',' bbasketb perbanas mereka bertanding di world university bbasketballb  bali united bbasketballb club tim bbasketb profesional pertama dari pulau dewata',' bbasketb perbanas mereka bertanding di world university bbasketballb  bali united bbasketballb club tim bbasketb profesional pertama dari pulau dewata',' bbasketb perbanas bertanding world university bbasketballb  bali united bbasketballb club tim bbasketb profesional pertama pulau dewata','bbasketb perbanas tanding world university bbasketballb bal united bbasketballb club tim bbasketb profesional pertama pulau dewata','bbasketb,perbanas,tanding,world,university,bbasketballb,bal,united,bbasketballb,club,tim,bbasketb,profesional,pertama,pulau,dewata','bbasketb perbanas tanding world university bbasketballb bal united bbasketballb club tim bbasketb profesional pertama pulau dewata',4),('tag:google.com,2013:googlealerts/feed:11750554848975605989','... <b>paduan suara</b> yang menggetarkan hati para peserta upacara. ... tidak hanya itu, kejutan lain datang ketika suara merdunya para warga binaan membentuk&nbsp;...',' bpaduan suarab yang menggetarkan hati para peserta upacara  tidak hanya itu kejutan lain datang ketika suara merdunya para warga binaan membentuknbsp',' bpaduan suarab yang menggetarkan hati para peserta upacara  tidak hanya itu kejutan lain datang ketika suara merdunya para warga binaan membentuknbsp',' bpaduan suarab menggetarkan hati peserta upacara  kejutan datang suara merdunya warga binaan membentuknbsp','bpaduan suarab getar hati serta upacara kejut datang suara merdu warga bina membentuknbsp','bpaduan,suarab,getar,hati,serta,upacara,kejut,datang,suara,merdu,warga,bina,membentuknbsp','bpaduan suarab getar hati serta upacara kejut datang suara merdu warga bina membentuknbsp',2),('tag:google.com,2013:googlealerts/feed:11761777574065399578','nubia neo 5g, disebut sebagai new series 5g <b>gaming</b> phone oleh zte mobile indonesia, menawarkan performa tinggi dengan harga terjangkau.','nubia neo g disebut sebagai new series g bgamingb phone oleh zte mobile indonesia menawarkan performa tinggi dengan harga terjangkau','nubia neo g disebut sebagai new series g bgamingb phone oleh zte mobile indonesia menawarkan performa tinggi dengan harga terjangkau','nubia neo g disebut new series g bgamingb phone zte mobile indonesia menawarkan performa tinggi harga terjangkau','nubia neo g sebut new series g bgamingb phone zte mobile indonesia tawar performa tinggi harga jangkau','nubia,neo,g,sebut,new,series,g,bgamingb,phone,zte,mobile,indonesia,tawar,performa,tinggi,harga,jangkau','nubia neo g sebut new series g bgamingb phone zte mobile indonesia tawar performa tinggi harga jangkau',5),('tag:google.com,2013:googlealerts/feed:1193727447637348158','motorists heading to <b>mobil</b> road from ijora/apapa road will be diverted to ijora to link the total access ramp inwards malu road to connect <b>mobil</b> road&nbsp;...','motorists heading to bmobilb road from ijoraapapa road will be diverted to ijora to link the total access ramp inwards malu road to connect bmobilb roadnbsp','motorists heading to bmobilb road from ijoraapapa road will be diverted to ijora to link the total access ramp inwards malu road to connect bmobilb roadnbsp','motorists heading to bmobilb road from ijoraapapa road will be diverted to ijora to link the total access ramp inwards malu road to connect bmobilb roadnbsp','motorists heading to bmobilb road from ijoraapapa road will be diverted to ijora to link the total access ramp inwards malu road to connect bmobilb roadnbsp','motorists,heading,to,bmobilb,road,from,ijoraapapa,road,will,be,diverted,to,ijora,to,link,the,total,access,ramp,inwards,malu,road,to,connect,bmobilb,roadnbsp','motorists heading to bmobilb road from ijoraapapa road will be diverted to ijora to link the total access ramp inwards malu road to connect bmobilb roadnbsp',1),('tag:google.com,2013:googlealerts/feed:12030097413299340295','<b>gaming</b> &middot; teknologi. berlangganan newsletter kami. dapatkan postingan terbaru yang dikirim langsung ke kotak masuk kamu. alamat email kamu.','bgamingb middot teknologi berlangganan newsletter kami dapatkan postingan terbaru yang dikirim langsung ke kotak masuk kamu alamat email kamu','bgamingb middot teknologi berlangganan newsletter kami dapatkan postingan terbaru yang dikirim langsung ke kotak masuk kamu alamat email kamu','bgamingb middot teknologi berlangganan newsletter dapatkan postingan terbaru dikirim langsung kotak masuk alamat email','bgamingb middot teknologi langgan newsletter dapat postingan baru kirim langsung kotak masuk alamat email','bgamingb,middot,teknologi,langgan,newsletter,dapat,postingan,baru,kirim,langsung,kotak,masuk,alamat,email','bgamingb middot teknologi langgan newsletter dapat postingan baru kirim langsung kotak masuk alamat email',5),('tag:google.com,2013:googlealerts/feed:12179558218734343074','legion go, konsol handheld <b>gaming</b> terbaru lenovo, jadi pusat perhatian dengan layar 8,8 inci, prosesor amd ryzen z1 extreme, dan grafis amd rdna. baca&nbsp;...','legion go konsol handheld bgamingb terbaru lenovo jadi pusat perhatian dengan layar  inci prosesor amd ryzen z extreme dan grafis amd rdna bacanbsp','legion go konsol handheld bgamingb terbaru lenovo jadi pusat perhatian dengan layar  inci prosesor amd ryzen z extreme dan grafis amd rdna bacanbsp','legion go konsol handheld bgamingb terbaru lenovo jadi pusat perhatian layar  inci prosesor amd ryzen z extreme grafis amd rdna bacanbsp','legion go konsol handheld bgamingb baru lenovo jadi pusat perhati layar inci prosesor amd ryzen z extreme grafis amd rdna bacanbsp','legion,go,konsol,handheld,bgamingb,baru,lenovo,jadi,pusat,perhati,layar,inci,prosesor,amd,ryzen,z,extreme,grafis,amd,rdna,bacanbsp','legion go konsol handheld bgamingb baru lenovo jadi pusat perhati layar inci prosesor amd ryzen z extreme grafis amd rdna bacanbsp',5),('tag:google.com,2013:googlealerts/feed:12279848003085669406','... <b>basket</b> profesional indonesia ... tumbuh besar di kota pontianak, kalimantan barat, membuat falconi tak seperti kebanyakan pebasket di jakarta yang&nbsp;...',' bbasketb profesional indonesia  tumbuh besar di kota pontianak kalimantan barat membuat falconi tak seperti kebanyakan pebasket di jakarta yangnbsp',' bbasketb profesional indonesia  tumbuh besar di kota pontianak kalimantan barat membuat falconi tak seperti kebanyakan pebasket di jakarta yangnbsp',' bbasketb profesional indonesia  tumbuh besar kota pontianak kalimantan barat membuat falconi kebanyakan pebasket jakarta yangnbsp','bbasketb profesional indonesia tumbuh besar kota pontianak kalimantan barat buat falconi banyak basket jakarta yangnbsp','bbasketb,profesional,indonesia,tumbuh,besar,kota,pontianak,kalimantan,barat,buat,falconi,banyak,basket,jakarta,yangnbsp','bbasketb profesional indonesia tumbuh besar kota pontianak kalimantan barat buat falconi banyak basket jakarta yangnbsp',4),('tag:google.com,2013:googlealerts/feed:12409050692978581538','exxon <b>mobil</b> corp (xom) is higher by friday morning, with the stock gaining 0.69% in pre-market trading to 103.67. xom&#39;s short-term technical score&nbsp;...','exxon bmobilb corp xom is higher by friday morning with the stock gaining  in premarket trading to  xoms shortterm technical scorenbsp','exxon bmobilb corp xom is higher by friday morning with the stock gaining  in premarket trading to  xoms shortterm technical scorenbsp','exxon bmobilb corp xom is higher by friday morning with the stock gaining  in premarket trading to  xoms shortterm technical scorenbsp','exxon bmobilb corp xom is higher by friday morning with the stock gaining in premarket trading to xoms shortterm technical scorenbsp','exxon,bmobilb,corp,xom,is,higher,by,friday,morning,with,the,stock,gaining,in,premarket,trading,to,xoms,shortterm,technical,scorenbsp','exxon bmobilb corp xom is higher by friday morning with the stock gaining in premarket trading to xoms shortterm technical scorenbsp',1),('tag:google.com,2013:googlealerts/feed:12582465972429910892','“consequently the following alternative routes will be open to motorists for the duration of the project; motorists heading to <b>mobil</b> road from&nbsp;...','consequently the following alternative routes will be open to motorists for the duration of the project motorists heading to bmobilb road fromnbsp','consequently the following alternative routes will be open to motorists for the duration of the project motorists heading to bmobilb road fromnbsp','consequently the following alternative routes will be open to motorists for the duration of the project motorists heading to bmobilb road fromnbsp','consequently the following alternative routes will be open to motorists for the duration of the project motorists heading to bmobilb road fromnbsp','consequently,the,following,alternative,routes,will,be,open,to,motorists,for,the,duration,of,the,project,motorists,heading,to,bmobilb,road,fromnbsp','consequently the following alternative routes will be open to motorists for the duration of the project motorists heading to bmobilb road fromnbsp',1),('tag:google.com,2013:googlealerts/feed:12615428570193265531','additionally, looking towards next week, industry players like exxon <b>mobil</b> (nyse:xom) and kroger (nyse:kr) will see the ex-dividend dates for their&nbsp;...','additionally looking towards next week industry players like exxon bmobilb nysexom and kroger nysekr will see the exdividend dates for theirnbsp','additionally looking towards next week industry players like exxon bmobilb nysexom and kroger nysekr will see the exdividend dates for theirnbsp','additionally looking towards next week industry players like exxon bmobilb nysexom and kroger nysekr will see the exdividend dates for theirnbsp','additionally looking towards next week industry players like exxon bmobilb nysexom and kroger nysekr will see the exdividend dates for theirnbsp','additionally,looking,towards,next,week,industry,players,like,exxon,bmobilb,nysexom,and,kroger,nysekr,will,see,the,exdividend,dates,for,theirnbsp','additionally looking towards next week industry players like exxon bmobilb nysexom and kroger nysekr will see the exdividend dates for theirnbsp',1),('tag:google.com,2013:googlealerts/feed:12825849653385902523','kemendag menerima kunjungan hima <b>universitas</b> airlangga, surabaya. by kementerian perdagangan ri. jumat, 10 november 2023 pukul 16:39 wib 77.','kemendag menerima kunjungan hima buniversitasb airlangga surabaya by kementerian perdagangan ri jumat  november  pukul  wib ','kemendag menerima kunjungan hima buniversitasb airlangga surabaya by kementerian perdagangan ri jumat  november  pukul  wib ','kemendag menerima kunjungan hima buniversitasb airlangga surabaya by kementerian perdagangan ri jumat  november  pukul  wib ','kemendag terima kunjung hima buniversitasb airlangga surabaya by menteri dagang ri jumat november pukul wib','kemendag,terima,kunjung,hima,buniversitasb,airlangga,surabaya,by,menteri,dagang,ri,jumat,november,pukul,wib','kemendag terima kunjung hima buniversitasb airlangga surabaya by menteri dagang ri jumat november pukul wib',3),('tag:google.com,2013:googlealerts/feed:13009963080844031748','jelajahi serunya dunia <b>gaming</b> dengan daftar 83 game pc terbaru yang dirilis pada bulan november 2023. temukan game terkini yang memukau dan&nbsp;...','jelajahi serunya dunia bgamingb dengan daftar  game pc terbaru yang dirilis pada bulan november  temukan game terkini yang memukau dannbsp','jelajahi serunya dunia bgamingb dengan daftar  game pc terbaru yang dirilis pada bulan november  temukan game terkini yang memukau dannbsp','jelajahi serunya dunia bgamingb daftar  game pc terbaru dirilis bulan november  temukan game terkini memukau dannbsp','jelajah seru dunia bgamingb daftar game pc baru rilis bulan november temu game kini pukau dannbsp','jelajah,seru,dunia,bgamingb,daftar,game,pc,baru,rilis,bulan,november,temu,game,kini,pukau,dannbsp','jelajah seru dunia bgamingb daftar game pc baru rilis bulan november temu game kini pukau dannbsp',5),('tag:google.com,2013:googlealerts/feed:13047913550273474605','ritmee – wakil bupati kutai timur (kutim) kasmidi bulang melepas peserta kontingen pesta <b>paduan suara</b> surgawi (pesparawi) kutim, jumat (10/11/2023).','ritmee  wakil bupati kutai timur kutim kasmidi bulang melepas peserta kontingen pesta bpaduan suarab surgawi pesparawi kutim jumat ','ritmee  wakil bupati kutai timur kutim kasmidi bulang melepas peserta kontingen pesta bpaduan suarab surgawi pesparawi kutim jumat ','ritmee  wakil bupati kutai timur kutim kasmidi bulang melepas peserta kontingen pesta bpaduan suarab surgawi pesparawi kutim jumat ','ritmee wakil bupati kuta timur tim kasmidi bulang lepas serta kontingen pesta bpaduan suarab surgawi pesparawi tim jumat','ritmee,wakil,bupati,kuta,timur,tim,kasmidi,bulang,lepas,serta,kontingen,pesta,bpaduan,suarab,surgawi,pesparawi,tim,jumat','ritmee wakil bupati kuta timur tim kasmidi bulang lepas serta kontingen pesta bpaduan suarab surgawi pesparawi tim jumat',2),('tag:google.com,2013:googlealerts/feed:13497558219093274637','exxon <b>mobil</b> had a return on equity of 20.72% and a net margin of 11.56%. the firm&#39;s revenue was down 19.0% compared to the same quarter last year.','exxon bmobilb had a return on equity of  and a net margin of  the firms revenue was down  compared to the same quarter last year','exxon bmobilb had a return on equity of  and a net margin of  the firms revenue was down  compared to the same quarter last year','exxon bmobilb had a return on equity of  and a net margin of  the firms revenue was down  compared to the same quarter last year','exxon bmobilb had a return on equity of and a net margin of the firms revenue was down compared to the same quarter last year','exxon,bmobilb,had,a,return,on,equity,of,and,a,net,margin,of,the,firms,revenue,was,down,compared,to,the,same,quarter,last,year','exxon bmobilb had a return on equity of and a net margin of the firms revenue was down compared to the same quarter last year',1),('tag:google.com,2013:googlealerts/feed:13597684542030955320','... <b>paduan suara</b>, pelatihan cerdas cermat rohani, dan pelatihan tutur kitab suci. sementara itu, anggota dprd kabupaten nias utara ya&#39;aman telaumbanua&nbsp;...',' bpaduan suarab pelatihan cerdas cermat rohani dan pelatihan tutur kitab suci sementara itu anggota dprd kabupaten nias utara yaaman telaumbanuanbsp',' bpaduan suarab pelatihan cerdas cermat rohani dan pelatihan tutur kitab suci sementara itu anggota dprd kabupaten nias utara yaaman telaumbanuanbsp',' bpaduan suarab pelatihan cerdas cermat rohani pelatihan tutur kitab suci anggota dprd kabupaten nias utara yaaman telaumbanuanbsp','bpaduan suarab latih cerdas cermat rohani latih tutur kitab suci anggota dprd kabupaten nias utara yaaman telaumbanuanbsp','bpaduan,suarab,latih,cerdas,cermat,rohani,latih,tutur,kitab,suci,anggota,dprd,kabupaten,nias,utara,yaaman,telaumbanuanbsp','bpaduan suarab latih cerdas cermat rohani latih tutur kitab suci anggota dprd kabupaten nias utara yaaman telaumbanuanbsp',2),('tag:google.com,2013:googlealerts/feed:13619722819025228678','lewat hadirnya legion go, legion 9i, dan legion glasses, lenovo ingin bisa membuka era baru solusi <b>gaming</b> canggih, meningkatkan pengalaman <b>gaming</b> bagi&nbsp;...','lewat hadirnya legion go legion i dan legion glasses lenovo ingin bisa membuka era baru solusi bgamingb canggih meningkatkan pengalaman bgamingb baginbsp','lewat hadirnya legion go legion i dan legion glasses lenovo ingin bisa membuka era baru solusi bgamingb canggih meningkatkan pengalaman bgamingb baginbsp','lewat hadirnya legion go legion i legion glasses lenovo membuka era baru solusi bgamingb canggih meningkatkan pengalaman bgamingb baginbsp','lewat hadir legion go legion i legion glasses lenovo buka era baru solusi bgamingb canggih tingkat alam bgamingb baginbsp','lewat,hadir,legion,go,legion,i,legion,glasses,lenovo,buka,era,baru,solusi,bgamingb,canggih,tingkat,alam,bgamingb,baginbsp','lewat hadir legion go legion i legion glasses lenovo buka era baru solusi bgamingb canggih tingkat alam bgamingb baginbsp',5),('tag:google.com,2013:googlealerts/feed:13762073878974252890','mahasiswa ppk ormawa beserta kkn tematik dari <b>universitas</b> diponegoro membawa keunikan dengan menciptakan motif batik yang menakjubkan di desa wisata&nbsp;...','mahasiswa ppk ormawa beserta kkn tematik dari buniversitasb diponegoro membawa keunikan dengan menciptakan motif batik yang menakjubkan di desa wisatanbsp','mahasiswa ppk ormawa beserta kkn tematik dari buniversitasb diponegoro membawa keunikan dengan menciptakan motif batik yang menakjubkan di desa wisatanbsp','mahasiswa ppk ormawa beserta kkn tematik buniversitasb diponegoro membawa keunikan menciptakan motif batik menakjubkan desa wisatanbsp','mahasiswa ppk ormawa serta kkn tematik buniversitasb diponegoro bawa uni cipta motif batik takjub desa wisatanbsp','mahasiswa,ppk,ormawa,serta,kkn,tematik,buniversitasb,diponegoro,bawa,uni,cipta,motif,batik,takjub,desa,wisatanbsp','mahasiswa ppk ormawa serta kkn tematik buniversitasb diponegoro bawa uni cipta motif batik takjub desa wisatanbsp',3),('tag:google.com,2013:googlealerts/feed:1384450955877202565','(unila): <b>universitas</b> lampung (unila) memberikan penghargaan kepada perwakilan mahasiswa berprestasi tingkat nasional dan internasional periode&nbsp;...','unila buniversitasb lampung unila memberikan penghargaan kepada perwakilan mahasiswa berprestasi tingkat nasional dan internasional periodenbsp','unila buniversitasb lampung unila memberikan penghargaan kepada perwakilan mahasiswa berprestasi tingkat nasional dan internasional periodenbsp','unila buniversitasb lampung unila memberikan penghargaan perwakilan mahasiswa berprestasi tingkat nasional internasional periodenbsp','unila buniversitasb lampung unila beri harga wakil mahasiswa prestasi tingkat nasional internasional periodenbsp','unila,buniversitasb,lampung,unila,beri,harga,wakil,mahasiswa,prestasi,tingkat,nasional,internasional,periodenbsp','unila buniversitasb lampung unila beri harga wakil mahasiswa prestasi tingkat nasional internasional periodenbsp',3),('tag:google.com,2013:googlealerts/feed:14127739489855614489','memang, bukan kali ini saja selvi ananda terlihat menenteng tas meeah saat menemani anaknya bermain bola <b>basket</b>. belum lama ini, tas mungil yang&nbsp;...','memang bukan kali ini saja selvi ananda terlihat menenteng tas meeah saat menemani anaknya bermain bola bbasketb belum lama ini tas mungil yangnbsp','memang bukan kali ini saja selvi ananda terlihat menenteng tas meeah saat menemani anaknya bermain bola bbasketb belum lama ini tas mungil yangnbsp','selvi ananda terlihat menenteng tas meeah menemani anaknya bermain bola bbasketb tas mungil yangnbsp','selvi ananda lihat tenteng tas meeah tani anak main bola bbasketb tas mungil yangnbsp','selvi,ananda,lihat,tenteng,tas,meeah,tani,anak,main,bola,bbasketb,tas,mungil,yangnbsp','selvi ananda lihat tenteng tas meeah tani anak main bola bbasketb tas mungil yangnbsp',4),('tag:google.com,2013:googlealerts/feed:14303804298957087463','terima roadshow honda dbl with kopi good day 2023 west java series, tim <b>basket</b> sman 3 kota bogor siap jadi juara. rany sinaga; 10 november 2023 - 20:&nbsp;...','terima roadshow honda dbl with kopi good day  west java series tim bbasketb sman  kota bogor siap jadi juara rany sinaga  november   nbsp','terima roadshow honda dbl with kopi good day  west java series tim bbasketb sman  kota bogor siap jadi juara rany sinaga  november   nbsp','terima roadshow honda dbl with kopi good day  west java series tim bbasketb sman  kota bogor siap jadi juara rany sinaga  november   nbsp','terima roadshow honda dbl with kopi good day west java series tim bbasketb sman kota bogor siap jadi juara rany sinaga november nbsp','terima,roadshow,honda,dbl,with,kopi,good,day,west,java,series,tim,bbasketb,sman,kota,bogor,siap,jadi,juara,rany,sinaga,november,nbsp','terima roadshow honda dbl with kopi good day west java series tim bbasketb sman kota bogor siap jadi juara rany sinaga november nbsp',4),('tag:google.com,2013:googlealerts/feed:1444031699725963765','perjalanan lebron james dari anak ajaib bola <b>basket</b> menjadi pencetak poin terbanyak di nba akan diabadikan di tempat ia memulai kariernya. baca&nbsp;...','perjalanan lebron james dari anak ajaib bola bbasketb menjadi pencetak poin terbanyak di nba akan diabadikan di tempat ia memulai kariernya bacanbsp','perjalanan lebron james dari anak ajaib bola bbasketb menjadi pencetak poin terbanyak di nba akan diabadikan di tempat ia memulai kariernya bacanbsp','perjalanan lebron james anak ajaib bola bbasketb menjadi pencetak poin terbanyak nba diabadikan tempat memulai kariernya bacanbsp','jalan lebron james anak ajaib bola bbasketb jadi cetak poin banyak nba abadi tempat mulai karier bacanbsp','jalan,lebron,james,anak,ajaib,bola,bbasketb,jadi,cetak,poin,banyak,nba,abadi,tempat,mulai,karier,bacanbsp','jalan lebron james anak ajaib bola bbasketb jadi cetak poin banyak nba abadi tempat mulai karier bacanbsp',4),('tag:google.com,2013:googlealerts/feed:14800057465205124396','<b>universitas</b> muhammadiyah karanganyar atau umuka tengah bersiap membuka enam program studi baru dengan jenjang sarjana (s1 dan d4).','buniversitasb muhammadiyah karanganyar atau umuka tengah bersiap membuka enam program studi baru dengan jenjang sarjana s dan d','buniversitasb muhammadiyah karanganyar atau umuka tengah bersiap membuka enam program studi baru dengan jenjang sarjana s dan d','buniversitasb muhammadiyah karanganyar umuka tengah bersiap membuka enam program studi baru jenjang sarjana s d','buniversitasb muhammadiyah karanganyar umuka tengah siap buka enam program studi baru jenjang sarjana s d','buniversitasb,muhammadiyah,karanganyar,umuka,tengah,siap,buka,enam,program,studi,baru,jenjang,sarjana,s,d','buniversitasb muhammadiyah karanganyar umuka tengah siap buka enam program studi baru jenjang sarjana s d',3),('tag:google.com,2013:googlealerts/feed:14962327613308572064','jatim newsroom- <b>universitas</b> brawijaya (ub) menjadi juara umum dalam musabaqoh tilawatil qur&#39;an mahasiswa tingkat nasional ke xvii.','jatim newsroom buniversitasb brawijaya ub menjadi juara umum dalam musabaqoh tilawatil quran mahasiswa tingkat nasional ke xvii','jatim newsroom buniversitasb brawijaya ub menjadi juara umum dalam musabaqoh tilawatil quran mahasiswa tingkat nasional ke xvii','jatim newsroom buniversitasb brawijaya ub menjadi juara umum musabaqoh tilawatil quran mahasiswa tingkat nasional xvii','jatim newsroom buniversitasb brawijaya ub jadi juara umum musabaqoh tilawatil quran mahasiswa tingkat nasional xvii','jatim,newsroom,buniversitasb,brawijaya,ub,jadi,juara,umum,musabaqoh,tilawatil,quran,mahasiswa,tingkat,nasional,xvii','jatim newsroom buniversitasb brawijaya ub jadi juara umum musabaqoh tilawatil quran mahasiswa tingkat nasional xvii',3),('tag:google.com,2013:googlealerts/feed:15132527333321479233','royamber panjaitan, se. dalam uraian barisan, peserta upacara barisan korsik, barisan <b>paduan suara</b> asn, barisan pasukan paskibra, barisan camat,','royamber panjaitan se dalam uraian barisan peserta upacara barisan korsik barisan bpaduan suarab asn barisan pasukan paskibra barisan camat','royamber panjaitan se dalam uraian barisan peserta upacara barisan korsik barisan bpaduan suarab asn barisan pasukan paskibra barisan camat','royamber panjaitan uraian barisan peserta upacara barisan korsik barisan bpaduan suarab asn barisan pasukan paskibra barisan camat','royamber panjaitan urai baris serta upacara baris korsik baris bpaduan suarab asn baris pasu paskibra baris camat','royamber,panjaitan,urai,baris,serta,upacara,baris,korsik,baris,bpaduan,suarab,asn,baris,pasu,paskibra,baris,camat','royamber panjaitan urai baris serta upacara baris korsik baris bpaduan suarab asn baris pasu paskibra baris camat',2),('tag:google.com,2013:googlealerts/feed:15382664916093773611','puti azizah ramadhia budiman (fk) cabor <b>basket</b>;; made rania calista suhadhi (ftip) cabor <b>basket</b>;; vanindya fachruddin (fisip) cabor bridge;; levina&nbsp;...','puti azizah ramadhia budiman fk cabor bbasketb made rania calista suhadhi ftip cabor bbasketb vanindya fachruddin fisip cabor bridge levinanbsp','puti azizah ramadhia budiman fk cabor bbasketb made rania calista suhadhi ftip cabor bbasketb vanindya fachruddin fisip cabor bridge levinanbsp','puti azizah ramadhia budiman fk cabor bbasketb made rania calista suhadhi ftip cabor bbasketb vanindya fachruddin fisip cabor bridge levinanbsp','puti azizah ramadhia budiman fk cabor bbasketb made rania calista suhadhi ftip cabor bbasketb vanindya fachruddin fisip cabor bridge levinanbsp','puti,azizah,ramadhia,budiman,fk,cabor,bbasketb,made,rania,calista,suhadhi,ftip,cabor,bbasketb,vanindya,fachruddin,fisip,cabor,bridge,levinanbsp','puti azizah ramadhia budiman fk cabor bbasketb made rania calista suhadhi ftip cabor bbasketb vanindya fachruddin fisip cabor bridge levinanbsp',4),('tag:google.com,2013:googlealerts/feed:15414601215976707520','piper sandler analyst ryan m. todd reiterated the overweight rating on exxon <b>mobil</b> corporation xom with a price target of $136.','piper sandler analyst ryan m todd reiterated the overweight rating on exxon bmobilb corporation xom with a price target of ','piper sandler analyst ryan m todd reiterated the overweight rating on exxon bmobilb corporation xom with a price target of ','piper sandler analyst ryan m todd reiterated the overweight rating on exxon bmobilb corporation xom with a price target of ','piper sandler analyst ryan m todd reiterated the overweight rating on exxon bmobilb corporation xom with a price target of','piper,sandler,analyst,ryan,m,todd,reiterated,the,overweight,rating,on,exxon,bmobilb,corporation,xom,with,a,price,target,of','piper sandler analyst ryan m todd reiterated the overweight rating on exxon bmobilb corporation xom with a price target of',1),('tag:google.com,2013:googlealerts/feed:15603150734353153235','ambon, tribunambon.com - <b>paduan suara</b> amgpm cabang bethesda menggemparkan seisi gedung baileo oikumene saat tampil dalam festival budaya amgpm daerah&nbsp;...','ambon tribunamboncom  bpaduan suarab amgpm cabang bethesda menggemparkan seisi gedung baileo oikumene saat tampil dalam festival budaya amgpm daerahnbsp','ambon tribunamboncom  bpaduan suarab amgpm cabang bethesda menggemparkan seisi gedung baileo oikumene saat tampil dalam festival budaya amgpm daerahnbsp','ambon tribunamboncom  bpaduan suarab amgpm cabang bethesda menggemparkan seisi gedung baileo oikumene tampil festival budaya amgpm daerahnbsp','ambon tribunamboncom bpaduan suarab amgpm cabang bethesda gempar isi gedung baileo oikumene tampil festival budaya amgpm daerahnbsp','ambon,tribunamboncom,bpaduan,suarab,amgpm,cabang,bethesda,gempar,isi,gedung,baileo,oikumene,tampil,festival,budaya,amgpm,daerahnbsp','ambon tribunamboncom bpaduan suarab amgpm cabang bethesda gempar isi gedung baileo oikumene tampil festival budaya amgpm daerahnbsp',2),('tag:google.com,2013:googlealerts/feed:15699412130358178025','pengibaran bendera merah putih diiringi lagu kebangsaan indonesia raya oleh korsik/<b>paduan suara</b>. mengheningkan cipta dipimpin oleh pembina upacara&nbsp;...','pengibaran bendera merah putih diiringi lagu kebangsaan indonesia raya oleh korsikbpaduan suarab mengheningkan cipta dipimpin oleh pembina upacaranbsp','pengibaran bendera merah putih diiringi lagu kebangsaan indonesia raya oleh korsikbpaduan suarab mengheningkan cipta dipimpin oleh pembina upacaranbsp','pengibaran bendera merah putih diiringi lagu kebangsaan indonesia raya korsikbpaduan suarab mengheningkan cipta dipimpin pembina upacaranbsp','kibar bendera merah putih iring lagu bangsa indonesia raya korsikbpaduan suarab hening cipta pimpin bina upacaranbsp','kibar,bendera,merah,putih,iring,lagu,bangsa,indonesia,raya,korsikbpaduan,suarab,hening,cipta,pimpin,bina,upacaranbsp','kibar bendera merah putih iring lagu bangsa indonesia raya korsikbpaduan suarab hening cipta pimpin bina upacaranbsp',2),('tag:google.com,2013:googlealerts/feed:15734495592977852229','lomba pengucap panca prasetya korpri, <b>paduan suara</b>, cerdas tangkas, tadarrus. serta pengumpulan donasi gerakan “seliter” beras untuk kemanusiaan&nbsp;...','lomba pengucap panca prasetya korpri bpaduan suarab cerdas tangkas tadarrus serta pengumpulan donasi gerakan seliter beras untuk kemanusiaannbsp','lomba pengucap panca prasetya korpri bpaduan suarab cerdas tangkas tadarrus serta pengumpulan donasi gerakan seliter beras untuk kemanusiaannbsp','lomba pengucap panca prasetya korpri bpaduan suarab cerdas tangkas tadarrus pengumpulan donasi gerakan seliter beras kemanusiaannbsp','lomba ucap panca prasetya korpri bpaduan suarab cerdas tangkas tadarrus kumpul donasi gera liter beras kemanusiaannbsp','lomba,ucap,panca,prasetya,korpri,bpaduan,suarab,cerdas,tangkas,tadarrus,kumpul,donasi,gera,liter,beras,kemanusiaannbsp','lomba ucap panca prasetya korpri bpaduan suarab cerdas tangkas tadarrus kumpul donasi gera liter beras kemanusiaannbsp',2),('tag:google.com,2013:googlealerts/feed:15908392138549587096','berita <b>basket</b> nba: kesengsaraan los angeles lakers terus berlanjut saat mereka dipermalukan oleh houston rockets. darvin ham komentari penampilan&nbsp;...','berita bbasketb nba kesengsaraan los angeles lakers terus berlanjut saat mereka dipermalukan oleh houston rockets darvin ham komentari penampilannbsp','berita bbasketb nba kesengsaraan los angeles lakers terus berlanjut saat mereka dipermalukan oleh houston rockets darvin ham komentari penampilannbsp','berita bbasketb nba kesengsaraan los angeles lakers berlanjut dipermalukan houston rockets darvin ham komentari penampilannbsp','berita bbasketb nba sengsara los angeles lakers lanjut malu houston rockets darvin ham komentar penampilannbsp','berita,bbasketb,nba,sengsara,los,angeles,lakers,lanjut,malu,houston,rockets,darvin,ham,komentar,penampilannbsp','berita bbasketb nba sengsara los angeles lakers lanjut malu houston rockets darvin ham komentar penampilannbsp',4),('tag:google.com,2013:googlealerts/feed:16217418669919747443','di antara dua cinta hari ini, 10 november 2023 - full episode 46 [ sampai bersambung ] tadi malam. roag <b>gaming</b> new 13k views &middot; 6:17. go to channel&nbsp;...','di antara dua cinta hari ini  november   full episode   sampai bersambung  tadi malam roag bgamingb new k views middot  go to channelnbsp','di antara dua cinta hari ini  november   full episode   sampai bersambung  tadi malam roag bgamingb new k views middot  go to channelnbsp','dua cinta hari  november   full episode   bersambung  malam roag bgamingb new k views middot  go to channelnbsp','dua cinta hari november full episode sambung malam roag bgamingb new k views middot go to channelnbsp','dua,cinta,hari,november,full,episode,sambung,malam,roag,bgamingb,new,k,views,middot,go,to,channelnbsp','dua cinta hari november full episode sambung malam roag bgamingb new k views middot go to channelnbsp',5),('tag:google.com,2013:googlealerts/feed:16260947230151610434','festival pelajar paman birin cup 3×3 <b>basketball</b> competion resmi dimulai di lapangan <b>basket</b> amandit kabupaten hulu sungai selatan (hss). festival&nbsp;...','festival pelajar paman birin cup  bbasketballb competion resmi dimulai di lapangan bbasketb amandit kabupaten hulu sungai selatan hss festivalnbsp','festival pelajar paman birin cup  bbasketballb competion resmi dimulai di lapangan bbasketb amandit kabupaten hulu sungai selatan hss festivalnbsp','festival pelajar paman birin cup  bbasketballb competion resmi dimulai lapangan bbasketb amandit kabupaten hulu sungai selatan hss festivalnbsp','festival ajar paman birin cup bbasketballb competion resmi mulai lapang bbasketb amandit kabupaten hulu sungai selatan hss festivalnbsp','festival,ajar,paman,birin,cup,bbasketballb,competion,resmi,mulai,lapang,bbasketb,amandit,kabupaten,hulu,sungai,selatan,hss,festivalnbsp','festival ajar paman birin cup bbasketballb competion resmi mulai lapang bbasketb amandit kabupaten hulu sungai selatan hss festivalnbsp',4),('tag:google.com,2013:googlealerts/feed:16298435505847551991','untuk menguasai teknik ini, baik penyanyi solo atau <b>paduan suara</b> tentu memerlukan latihan yang intens. mengutip dari situs, artikulasi vokal&nbsp;...','untuk menguasai teknik ini baik penyanyi solo atau bpaduan suarab tentu memerlukan latihan yang intens mengutip dari situs artikulasi vokalnbsp','untuk menguasai teknik ini baik penyanyi solo atau bpaduan suarab tentu memerlukan latihan yang intens mengutip dari situs artikulasi vokalnbsp','menguasai teknik baik penyanyi solo bpaduan suarab memerlukan latihan intens mengutip situs artikulasi vokalnbsp','kuasa teknik baik nyanyi solo bpaduan suarab perlu latih intens kutip situs artikulasi vokalnbsp','kuasa,teknik,baik,nyanyi,solo,bpaduan,suarab,perlu,latih,intens,kutip,situs,artikulasi,vokalnbsp','kuasa teknik baik nyanyi solo bpaduan suarab perlu latih intens kutip situs artikulasi vokalnbsp',2),('tag:google.com,2013:googlealerts/feed:16442604904871585585','... <b>paduan suara</b>, baca puisi, pidato dua bahasa, pentas seni, dan mtq. berita terkait: ajang perkenalan kampus, unwahas semarang sukses gelar jambore&nbsp;...',' bpaduan suarab baca puisi pidato dua bahasa pentas seni dan mtq berita terkait ajang perkenalan kampus unwahas semarang sukses gelar jamborenbsp',' bpaduan suarab baca puisi pidato dua bahasa pentas seni dan mtq berita terkait ajang perkenalan kampus unwahas semarang sukses gelar jamborenbsp',' bpaduan suarab baca puisi pidato dua bahasa pentas seni mtq berita terkait ajang perkenalan kampus unwahas semarang sukses gelar jamborenbsp','bpaduan suarab baca puisi pidato dua bahasa pentas seni mtq berita kait ajang kenal kampus unwahas semarang sukses gelar jamborenbsp','bpaduan,suarab,baca,puisi,pidato,dua,bahasa,pentas,seni,mtq,berita,kait,ajang,kenal,kampus,unwahas,semarang,sukses,gelar,jamborenbsp','bpaduan suarab baca puisi pidato dua bahasa pentas seni mtq berita kait ajang kenal kampus unwahas semarang sukses gelar jamborenbsp',2),('tag:google.com,2013:googlealerts/feed:16553562704726067728','konsortium universiti <b>universitas</b> borneo kuub yang beranggotakan 16 <b>universitas</b> dari tiga negara di pulau borneo yaitu indonesia malaysia dan&nbsp;...','konsortium universiti buniversitasb borneo kuub yang beranggotakan  buniversitasb dari tiga negara di pulau borneo yaitu indonesia malaysia dannbsp','konsortium universiti buniversitasb borneo kuub yang beranggotakan  buniversitasb dari tiga negara di pulau borneo yaitu indonesia malaysia dannbsp','konsortium universiti buniversitasb borneo kuub beranggotakan  buniversitasb tiga negara pulau borneo indonesia malaysia dannbsp','konsortium universiti buniversitasb borneo kuub anggota buniversitasb tiga negara pulau borneo indonesia malaysia dannbsp','konsortium,universiti,buniversitasb,borneo,kuub,anggota,buniversitasb,tiga,negara,pulau,borneo,indonesia,malaysia,dannbsp','konsortium universiti buniversitasb borneo kuub anggota buniversitasb tiga negara pulau borneo indonesia malaysia dannbsp',3),('tag:google.com,2013:googlealerts/feed:16869555400293251152','dharma wanita persatuan (dwp) kabupaten garut menggelar lomba <b>paduan suara</b> dan story telling dalam rangka peringatan hari ulang tahun (hut) ke-24&nbsp;...','dharma wanita persatuan dwp kabupaten garut menggelar lomba bpaduan suarab dan story telling dalam rangka peringatan hari ulang tahun hut kenbsp','dharma wanita persatuan dwp kabupaten garut menggelar lomba bpaduan suarab dan story telling dalam rangka peringatan hari ulang tahun hut kenbsp','dharma wanita persatuan dwp kabupaten garut menggelar lomba bpaduan suarab story telling rangka peringatan hari ulang tahun hut kenbsp','dharma wanita satu dwp kabupaten garut gelar lomba bpaduan suarab story telling rangka ingat hari ulang tahun hut kenbsp','dharma,wanita,satu,dwp,kabupaten,garut,gelar,lomba,bpaduan,suarab,story,telling,rangka,ingat,hari,ulang,tahun,hut,kenbsp','dharma wanita satu dwp kabupaten garut gelar lomba bpaduan suarab story telling rangka ingat hari ulang tahun hut kenbsp',2),('tag:google.com,2013:googlealerts/feed:16901723582004838866','they have invented the &#39;<b>mobil</b> oil stove&#39; which will give fire through disposed oil from motorcycle or car engines. but, it was very dangerous for&nbsp;...','they have invented the bmobilb oil stove which will give fire through disposed oil from motorcycle or car engines but it was very dangerous fornbsp','they have invented the bmobilb oil stove which will give fire through disposed oil from motorcycle or car engines but it was very dangerous fornbsp','they have invented the bmobilb oil stove which will give fire through disposed oil from motorcycle or car engines but it was very dangerous fornbsp','they have invented the bmobilb oil stove which will give fire through disposed oil from motorcycle or car engines but it was very dangerous fornbsp','they,have,invented,the,bmobilb,oil,stove,which,will,give,fire,through,disposed,oil,from,motorcycle,or,car,engines,but,it,was,very,dangerous,fornbsp','they have invented the bmobilb oil stove which will give fire through disposed oil from motorcycle or car engines but it was very dangerous fornbsp',1),('tag:google.com,2013:googlealerts/feed:16945064894224708181','lembaga pemeringkatan bergengsi, quacquarelli symonds (qs) kembali merilis daftar <b>universitas</b> terbaik di asia yakni qs asia university rankings&nbsp;...','lembaga pemeringkatan bergengsi quacquarelli symonds qs kembali merilis daftar buniversitasb terbaik di asia yakni qs asia university rankingsnbsp','lembaga pemeringkatan bergengsi quacquarelli symonds qs kembali merilis daftar buniversitasb terbaik di asia yakni qs asia university rankingsnbsp','lembaga pemeringkatan bergengsi quacquarelli symonds qs kembali merilis daftar buniversitasb terbaik asia qs asia university rankingsnbsp','lembaga peringkat gengsi quacquarelli symonds qs kembali rilis daftar buniversitasb baik asia qs asia university rankingsnbsp','lembaga,peringkat,gengsi,quacquarelli,symonds,qs,kembali,rilis,daftar,buniversitasb,baik,asia,qs,asia,university,rankingsnbsp','lembaga peringkat gengsi quacquarelli symonds qs kembali rilis daftar buniversitasb baik asia qs asia university rankingsnbsp',3),('tag:google.com,2013:googlealerts/feed:17106105172707998916','foam blowing agents market dynamics, technological advancements, and strategic insights for sustainable growth by 2023-2030 | arkema s.a., exxon <b>mobil</b>&nbsp;...','foam blowing agents market dynamics technological advancements and strategic insights for sustainable growth by   arkema sa exxon bmobilbnbsp','foam blowing agents market dynamics technological advancements and strategic insights for sustainable growth by   arkema sa exxon bmobilbnbsp','foam blowing agents market dynamics technological advancements and strategic insights for sustainable growth by   arkema sa exxon bmobilbnbsp','foam blowing agents market dynamics technological advancements and strategic insights for sustainable growth by arkema sa exxon bmobilbnbsp','foam,blowing,agents,market,dynamics,technological,advancements,and,strategic,insights,for,sustainable,growth,by,arkema,sa,exxon,bmobilbnbsp','foam blowing agents market dynamics technological advancements and strategic insights for sustainable growth by arkema sa exxon bmobilbnbsp',1),('tag:google.com,2013:googlealerts/feed:17110939572340778643','... <b>mobil</b> elektrifikasi banyak jenisnya, mulai dari hybrid ev, plug in hybrid ev, battery ev, hingga fuel cell ev. toyota sendiri menyediakan berbagai&nbsp;...',' bmobilb elektrifikasi banyak jenisnya mulai dari hybrid ev plug in hybrid ev battery ev hingga fuel cell ev toyota sendiri menyediakan berbagainbsp',' bmobilb elektrifikasi banyak jenisnya mulai dari hybrid ev plug in hybrid ev battery ev hingga fuel cell ev toyota sendiri menyediakan berbagainbsp',' bmobilb elektrifikasi jenisnya mulai hybrid ev plug in hybrid ev battery ev fuel cell ev toyota menyediakan berbagainbsp','bmobilb elektrifikasi jenis mulai hybrid ev plug in hybrid ev battery ev fuel cell ev toyota sedia berbagainbsp','bmobilb,elektrifikasi,jenis,mulai,hybrid,ev,plug,in,hybrid,ev,battery,ev,fuel,cell,ev,toyota,sedia,berbagainbsp','bmobilb elektrifikasi jenis mulai hybrid ev plug in hybrid ev battery ev fuel cell ev toyota sedia berbagainbsp',1),('tag:google.com,2013:googlealerts/feed:17540151757249196681','mahasiswa fakultas hukum <b>universitas</b> sahid mengikuti kegiatan kunjungan ke bursa efek indonesia (bei), berlangsung 9 november 2023.','mahasiswa fakultas hukum buniversitasb sahid mengikuti kegiatan kunjungan ke bursa efek indonesia bei berlangsung  november ','mahasiswa fakultas hukum buniversitasb sahid mengikuti kegiatan kunjungan ke bursa efek indonesia bei berlangsung  november ','mahasiswa fakultas hukum buniversitasb sahid mengikuti kegiatan kunjungan bursa efek indonesia bei berlangsung  november ','mahasiswa fakultas hukum buniversitasb sahid ikut giat kunjung bursa efek indonesia bei langsung november','mahasiswa,fakultas,hukum,buniversitasb,sahid,ikut,giat,kunjung,bursa,efek,indonesia,bei,langsung,november','mahasiswa fakultas hukum buniversitasb sahid ikut giat kunjung bursa efek indonesia bei langsung november',3),('tag:google.com,2013:googlealerts/feed:18289497354889347429','tablet ini memiliki layar besar dan indah dengan refresh rate 120hz, prosesor yang kuat untuk multitasking dan <b>gaming</b>, dan baterai tahan lama yang&nbsp;...','tablet ini memiliki layar besar dan indah dengan refresh rate hz prosesor yang kuat untuk multitasking dan bgamingb dan baterai tahan lama yangnbsp','tablet ini memiliki layar besar dan indah dengan refresh rate hz prosesor yang kuat untuk multitasking dan bgamingb dan baterai tahan lama yangnbsp','tablet memiliki layar besar indah refresh rate hz prosesor kuat multitasking bgamingb baterai tahan yangnbsp','tablet milik layar besar indah refresh rate hz prosesor kuat multitasking bgamingb baterai tahan yangnbsp','tablet,milik,layar,besar,indah,refresh,rate,hz,prosesor,kuat,multitasking,bgamingb,baterai,tahan,yangnbsp','tablet milik layar besar indah refresh rate hz prosesor kuat multitasking bgamingb baterai tahan yangnbsp',5),('tag:google.com,2013:googlealerts/feed:18344049125602128233','ia hadir sebagai penerus aurora r16 yang diumumkan awal tahun ini. desktop <b>gaming</b> ini mengemas perangkat keras terbaik dalam bentuk yang lebih kecil&nbsp;...','ia hadir sebagai penerus aurora r yang diumumkan awal tahun ini desktop bgamingb ini mengemas perangkat keras terbaik dalam bentuk yang lebih kecilnbsp','ia hadir sebagai penerus aurora r yang diumumkan awal tahun ini desktop bgamingb ini mengemas perangkat keras terbaik dalam bentuk yang lebih kecilnbsp','hadir penerus aurora r diumumkan awal tahun desktop bgamingb mengemas perangkat keras terbaik bentuk kecilnbsp','hadir terus aurora r umum awal tahun desktop bgamingb emas perangkat keras baik bentuk kecilnbsp','hadir,terus,aurora,r,umum,awal,tahun,desktop,bgamingb,emas,perangkat,keras,baik,bentuk,kecilnbsp','hadir terus aurora r umum awal tahun desktop bgamingb emas perangkat keras baik bentuk kecilnbsp',5),('tag:google.com,2013:googlealerts/feed:2185213634299527957','other energy space includes matador resources company mtdr and exxon <b>mobil</b> corporation xom. while exxonmobil carries a zacks rank #2, matador&nbsp;...','other energy space includes matador resources company mtdr and exxon bmobilb corporation xom while exxonmobil carries a zacks rank  matadornbsp','other energy space includes matador resources company mtdr and exxon bmobilb corporation xom while exxonmobil carries a zacks rank  matadornbsp','other energy space includes matador resources company mtdr and exxon bmobilb corporation xom while exxonmobil carries a zacks rank  matadornbsp','other energy space includes matador resources company mtdr and exxon bmobilb corporation xom while exxonmobil carries a zacks rank matadornbsp','other,energy,space,includes,matador,resources,company,mtdr,and,exxon,bmobilb,corporation,xom,while,exxonmobil,carries,a,zacks,rank,matadornbsp','other energy space includes matador resources company mtdr and exxon bmobilb corporation xom while exxonmobil carries a zacks rank matadornbsp',1),('tag:google.com,2013:googlealerts/feed:2209933970482900171','daftar peserta pimnas ke 36 tahun 2023 um (<b>universitas</b> negeri malang) &middot; berdasarkan surat pengumuman balai pengembangan talenta indonesia&nbsp;...','daftar peserta pimnas ke  tahun  um buniversitasb negeri malang middot berdasarkan surat pengumuman balai pengembangan talenta indonesianbsp','daftar peserta pimnas ke  tahun  um buniversitasb negeri malang middot berdasarkan surat pengumuman balai pengembangan talenta indonesianbsp','daftar peserta pimnas  tahun  um buniversitasb negeri malang middot berdasarkan surat pengumuman balai pengembangan talenta indonesianbsp','daftar serta pimnas tahun um buniversitasb negeri malang middot dasar surat umum balai kembang talenta indonesianbsp','daftar,serta,pimnas,tahun,um,buniversitasb,negeri,malang,middot,dasar,surat,umum,balai,kembang,talenta,indonesianbsp','daftar serta pimnas tahun um buniversitasb negeri malang middot dasar surat umum balai kembang talenta indonesianbsp',3),('tag:google.com,2013:googlealerts/feed:2212704620307660290','<b>universitas</b> jember adalah institusi pendidikan tinggi berkelas dunia yang telah mengikrarkan diri sebagai kampus kebangsaan dan kampus pancasila.','buniversitasb jember adalah institusi pendidikan tinggi berkelas dunia yang telah mengikrarkan diri sebagai kampus kebangsaan dan kampus pancasila','buniversitasb jember adalah institusi pendidikan tinggi berkelas dunia yang telah mengikrarkan diri sebagai kampus kebangsaan dan kampus pancasila','buniversitasb jember institusi pendidikan tinggi berkelas dunia mengikrarkan kampus kebangsaan kampus pancasila','buniversitasb jember institusi didik tinggi kelas dunia ikrar kampus bangsa kampus pancasila','buniversitasb,jember,institusi,didik,tinggi,kelas,dunia,ikrar,kampus,bangsa,kampus,pancasila','buniversitasb jember institusi didik tinggi kelas dunia ikrar kampus bangsa kampus pancasila',3),('tag:google.com,2013:googlealerts/feed:270089477464881269','ada 857 <b>universitas</b> yang berasal dari 25 negara dan wilayah di asia yang masuk pemeringkatan <b>universitas</b> terbaik versi qs aur 2024.','ada  buniversitasb yang berasal dari  negara dan wilayah di asia yang masuk pemeringkatan buniversitasb terbaik versi qs aur ','ada  buniversitasb yang berasal dari  negara dan wilayah di asia yang masuk pemeringkatan buniversitasb terbaik versi qs aur ',' buniversitasb berasal  negara wilayah asia masuk pemeringkatan buniversitasb terbaik versi qs aur ','buniversitasb asal negara wilayah asia masuk peringkat buniversitasb baik versi qs aur','buniversitasb,asal,negara,wilayah,asia,masuk,peringkat,buniversitasb,baik,versi,qs,aur','buniversitasb asal negara wilayah asia masuk peringkat buniversitasb baik versi qs aur',3),('tag:google.com,2013:googlealerts/feed:2707564042832898031','seluruh penerima penghargaan ini merupakan pilihan langsung dari para penggemar <b>gaming</b> dan e-sports di seluruh indonesia melalui mekanisme voting yang&nbsp;...','seluruh penerima penghargaan ini merupakan pilihan langsung dari para penggemar bgamingb dan esports di seluruh indonesia melalui mekanisme voting yangnbsp','seluruh penerima penghargaan ini merupakan pilihan langsung dari para penggemar bgamingb dan esports di seluruh indonesia melalui mekanisme voting yangnbsp','penerima penghargaan pilihan langsung penggemar bgamingb esports indonesia mekanisme voting yangnbsp','terima harga pilih langsung gemar bgamingb esports indonesia mekanisme voting yangnbsp','terima,harga,pilih,langsung,gemar,bgamingb,esports,indonesia,mekanisme,voting,yangnbsp','terima harga pilih langsung gemar bgamingb esports indonesia mekanisme voting yangnbsp',5),('tag:google.com,2013:googlealerts/feed:282186840126760308','... <b>gaming</b>news. steam deck oled: dukung hdr, baterai lebih tahan lama. yossie ... <b>gaming</b> dengan desain ala konsol genggam. 16 july 2021. nintendo switch&nbsp;...',' bgamingbnews steam deck oled dukung hdr baterai lebih tahan lama yossie  bgamingb dengan desain ala konsol genggam  july  nintendo switchnbsp',' bgamingbnews steam deck oled dukung hdr baterai lebih tahan lama yossie  bgamingb dengan desain ala konsol genggam  july  nintendo switchnbsp',' bgamingbnews steam deck oled dukung hdr baterai tahan yossie  bgamingb desain ala konsol genggam  july  nintendo switchnbsp','bgamingbnews steam deck oled dukung hdr baterai tahan yossie bgamingb desain ala konsol genggam july nintendo switchnbsp','bgamingbnews,steam,deck,oled,dukung,hdr,baterai,tahan,yossie,bgamingb,desain,ala,konsol,genggam,july,nintendo,switchnbsp','bgamingbnews steam deck oled dukung hdr baterai tahan yossie bgamingb desain ala konsol genggam july nintendo switchnbsp',5),('tag:google.com,2013:googlealerts/feed:287959249525146263','humas usu - <b>universitas</b> sumatera utara (usu) berhasil meraih peringkat 4 nasional dalam ajang musabaqah tilawatil qur&#39;an mahasiswa nasional&nbsp;...','humas usu  buniversitasb sumatera utara usu berhasil meraih peringkat  nasional dalam ajang musabaqah tilawatil quran mahasiswa nasionalnbsp','humas usu  buniversitasb sumatera utara usu berhasil meraih peringkat  nasional dalam ajang musabaqah tilawatil quran mahasiswa nasionalnbsp','humas usu  buniversitasb sumatera utara usu berhasil meraih peringkat  nasional ajang musabaqah tilawatil quran mahasiswa nasionalnbsp','humas usu buniversitasb sumatera utara usu hasil raih peringkat nasional ajang musabaqah tilawatil quran mahasiswa nasionalnbsp','humas,usu,buniversitasb,sumatera,utara,usu,hasil,raih,peringkat,nasional,ajang,musabaqah,tilawatil,quran,mahasiswa,nasionalnbsp','humas usu buniversitasb sumatera utara usu hasil raih peringkat nasional ajang musabaqah tilawatil quran mahasiswa nasionalnbsp',3),('tag:google.com,2013:googlealerts/feed:3005233559625431803','xom has great financials. exxon <b>mobil&#39;s</b> robust balance sheet is among its most investment-worthy traits. &middot; excellent for passive income investors.','xom has great financials exxon bmobilsb robust balance sheet is among its most investmentworthy traits middot excellent for passive income investors','xom has great financials exxon bmobilsb robust balance sheet is among its most investmentworthy traits middot excellent for passive income investors','xom has great financials exxon bmobilsb robust balance sheet is among its most investmentworthy traits middot excellent for passive income investors','xom has great financials exxon bmobilsb robust balance sheet is among its most investmentworthy traits middot excellent for passive income investors','xom,has,great,financials,exxon,bmobilsb,robust,balance,sheet,is,among,its,most,investmentworthy,traits,middot,excellent,for,passive,income,investors','xom has great financials exxon bmobilsb robust balance sheet is among its most investmentworthy traits middot excellent for passive income investors',1),('tag:google.com,2013:googlealerts/feed:3071017991183419948','(unila): lembaga pengembangan pembelajaran dan penjaminan mutu (lp3m) <b>universitas</b> lampung (unila) menggelar workshop penyusunan rps kelas kolaboratif&nbsp;...','unila lembaga pengembangan pembelajaran dan penjaminan mutu lpm buniversitasb lampung unila menggelar workshop penyusunan rps kelas kolaboratifnbsp','unila lembaga pengembangan pembelajaran dan penjaminan mutu lpm buniversitasb lampung unila menggelar workshop penyusunan rps kelas kolaboratifnbsp','unila lembaga pengembangan pembelajaran penjaminan mutu lpm buniversitasb lampung unila menggelar workshop penyusunan rps kelas kolaboratifnbsp','unila lembaga kembang ajar jamin mutu lpm buniversitasb lampung unila gelar workshop susun rps kelas kolaboratifnbsp','unila,lembaga,kembang,ajar,jamin,mutu,lpm,buniversitasb,lampung,unila,gelar,workshop,susun,rps,kelas,kolaboratifnbsp','unila lembaga kembang ajar jamin mutu lpm buniversitasb lampung unila gelar workshop susun rps kelas kolaboratifnbsp',3),('tag:google.com,2013:googlealerts/feed:313083721810601679','selain itu, hardianus juga bereuni dengan kaleb ramot gemilang yang sama-sama mengantarkan timnas <b>basket</b> indonesa meraih prestasi. &quot;pastinya&nbsp;...','selain itu hardianus juga bereuni dengan kaleb ramot gemilang yang samasama mengantarkan timnas bbasketb indonesa meraih prestasi quotpastinyanbsp','selain itu hardianus juga bereuni dengan kaleb ramot gemilang yang samasama mengantarkan timnas bbasketb indonesa meraih prestasi quotpastinyanbsp','hardianus bereuni kaleb ramot gemilang samasama mengantarkan timnas bbasketb indonesa meraih prestasi quotpastinyanbsp','hardianus reuni kaleb ramot gemilang samasama antar timnas bbasketb indonesa raih prestasi quotpastinyanbsp','hardianus,reuni,kaleb,ramot,gemilang,samasama,antar,timnas,bbasketb,indonesa,raih,prestasi,quotpastinyanbsp','hardianus reuni kaleb ramot gemilang samasama antar timnas bbasketb indonesa raih prestasi quotpastinyanbsp',4),('tag:google.com,2013:googlealerts/feed:3134371930134499091','tim <b>basket</b> dewa united banten mengamankan jasa hardianus dari satria muda pertamina untuk ibl 2024.','tim bbasketb dewa united banten mengamankan jasa hardianus dari satria muda pertamina untuk ibl ','tim bbasketb dewa united banten mengamankan jasa hardianus dari satria muda pertamina untuk ibl ','tim bbasketb dewa united banten mengamankan jasa hardianus satria muda pertamina ibl ','tim bbasketb dewa united banten aman jasa hardianus satria muda pertamina ibl','tim,bbasketb,dewa,united,banten,aman,jasa,hardianus,satria,muda,pertamina,ibl','tim bbasketb dewa united banten aman jasa hardianus satria muda pertamina ibl',4),('tag:google.com,2013:googlealerts/feed:3137890514856761007','galaxy s23 fe, smartphone flagship fan edition, harga terjangkau namun bisa menjadi solusi perangkat yang paling tepat untuk main game.','galaxy s fe smartphone flagship fan edition harga terjangkau namun bisa menjadi solusi perangkat yang paling tepat untuk main game','galaxy s fe smartphone flagship fan edition harga terjangkau namun bisa menjadi solusi perangkat yang paling tepat untuk main game','galaxy s fe smartphone flagship fan edition harga terjangkau menjadi solusi perangkat tepat main game','galaxy s fe smartphone flagship fan edition harga jangkau jadi solusi perangkat tepat main game','galaxy,s,fe,smartphone,flagship,fan,edition,harga,jangkau,jadi,solusi,perangkat,tepat,main,game','galaxy s fe smartphone flagship fan edition harga jangkau jadi solusi perangkat tepat main game',5),('tag:google.com,2013:googlealerts/feed:3815284858932119131','“hal ini sejalan dengan apa yang kami lakukan di acer indonesia melalui berbagai produk consumer dan lini produk <b>gaming</b> predator, yang terus&nbsp;...','hal ini sejalan dengan apa yang kami lakukan di acer indonesia melalui berbagai produk consumer dan lini produk bgamingb predator yang terusnbsp','hal ini sejalan dengan apa yang kami lakukan di acer indonesia melalui berbagai produk consumer dan lini produk bgamingb predator yang terusnbsp','sejalan lakukan acer indonesia berbagai produk consumer lini produk bgamingb predator terusnbsp','jalan laku acer indonesia bagai produk consumer lini produk bgamingb predator terusnbsp','jalan,laku,acer,indonesia,bagai,produk,consumer,lini,produk,bgamingb,predator,terusnbsp','jalan laku acer indonesia bagai produk consumer lini produk bgamingb predator terusnbsp',5),('tag:google.com,2013:googlealerts/feed:3849637264968499565','... <b>mobil</b> , amphenol, air products and chemicals, and sarepta therapeutics. investingpro subscribers got this news first. never miss another market&nbsp;...',' bmobilb  amphenol air products and chemicals and sarepta therapeutics investingpro subscribers got this news first never miss another marketnbsp',' bmobilb  amphenol air products and chemicals and sarepta therapeutics investingpro subscribers got this news first never miss another marketnbsp',' bmobilb  amphenol air products and chemicals and sarepta therapeutics investingpro subscribers got this news first never miss another marketnbsp','bmobilb amphenol air products and chemicals and sarepta therapeutics investingpro subscribers got this news first never miss another marketnbsp','bmobilb,amphenol,air,products,and,chemicals,and,sarepta,therapeutics,investingpro,subscribers,got,this,news,first,never,miss,another,marketnbsp','bmobilb amphenol air products and chemicals and sarepta therapeutics investingpro subscribers got this news first never miss another marketnbsp',1),('tag:google.com,2013:googlealerts/feed:3872362133205586210','looking at the universe of stocks we cover at dividend channel, on 11/14/23, exxon <b>mobil</b> corp (symbol: xom) will trade ex-dividend,&nbsp;...','looking at the universe of stocks we cover at dividend channel on  exxon bmobilb corp symbol xom will trade exdividendnbsp','looking at the universe of stocks we cover at dividend channel on  exxon bmobilb corp symbol xom will trade exdividendnbsp','looking at the universe of stocks we cover at dividend channel on  exxon bmobilb corp symbol xom will trade exdividendnbsp','looking at the universe of stocks we cover at dividend channel on exxon bmobilb corp symbol xom will trade exdividendnbsp','looking,at,the,universe,of,stocks,we,cover,at,dividend,channel,on,exxon,bmobilb,corp,symbol,xom,will,trade,exdividendnbsp','looking at the universe of stocks we cover at dividend channel on exxon bmobilb corp symbol xom will trade exdividendnbsp',1),('tag:google.com,2013:googlealerts/feed:4548029828754062337','cindy gulla hadiri lomba <b>paduan suara</b> di acara festival kebangsaan di taman gor, kota palu &middot; palu. usai kaledo dan ikan bakar biromaru, cindy eks&nbsp;...','cindy gulla hadiri lomba bpaduan suarab di acara festival kebangsaan di taman gor kota palu middot palu usai kaledo dan ikan bakar biromaru cindy eksnbsp','cindy gulla hadiri lomba bpaduan suarab di acara festival kebangsaan di taman gor kota palu middot palu usai kaledo dan ikan bakar biromaru cindy eksnbsp','cindy gulla hadiri lomba bpaduan suarab acara festival kebangsaan taman gor kota palu middot palu usai kaledo ikan bakar biromaru cindy eksnbsp','cindy gulla hadir lomba bpaduan suarab acara festival bangsa taman gor kota palu middot palu usai kaledo ikan bakar biromaru cindy eksnbsp','cindy,gulla,hadir,lomba,bpaduan,suarab,acara,festival,bangsa,taman,gor,kota,palu,middot,palu,usai,kaledo,ikan,bakar,biromaru,cindy,eksnbsp','cindy gulla hadir lomba bpaduan suarab acara festival bangsa taman gor kota palu middot palu usai kaledo ikan bakar biromaru cindy eksnbsp',2),('tag:google.com,2013:googlealerts/feed:4712552981903255617','akhmad sujadi mengatakan, dalam aksi tersebut pihaknya juga menampilkan <b>paduan suara</b> yang terdiri dari para siswa yang beragama islam dan kristen.','akhmad sujadi mengatakan dalam aksi tersebut pihaknya juga menampilkan bpaduan suarab yang terdiri dari para siswa yang beragama islam dan kristen','akhmad sujadi mengatakan dalam aksi tersebut pihaknya juga menampilkan bpaduan suarab yang terdiri dari para siswa yang beragama islam dan kristen','akhmad sujadi mengatakan aksi pihaknya menampilkan bpaduan suarab siswa beragama islam kristen','akhmad sujadi kata aksi pihak tampil bpaduan suarab siswa agama islam kristen','akhmad,sujadi,kata,aksi,pihak,tampil,bpaduan,suarab,siswa,agama,islam,kristen','akhmad sujadi kata aksi pihak tampil bpaduan suarab siswa agama islam kristen',2),('tag:google.com,2013:googlealerts/feed:4822641040116676199','bahkan ia juga turut melibatkan <b>paduan suara</b> psm isi yogyakarta. selain itu, ada nama dedy harmanto dan mardian supriadi sebagai orang dibalik&nbsp;...','bahkan ia juga turut melibatkan bpaduan suarab psm isi yogyakarta selain itu ada nama dedy harmanto dan mardian supriadi sebagai orang dibaliknbsp','bahkan ia juga turut melibatkan bpaduan suarab psm isi yogyakarta selain itu ada nama dedy harmanto dan mardian supriadi sebagai orang dibaliknbsp','turut melibatkan bpaduan suarab psm isi yogyakarta nama dedy harmanto mardian supriadi orang dibaliknbsp','turut libat bpaduan suarab psm isi yogyakarta nama dedy harmanto mardian supriadi orang dibaliknbsp','turut,libat,bpaduan,suarab,psm,isi,yogyakarta,nama,dedy,harmanto,mardian,supriadi,orang,dibaliknbsp','turut libat bpaduan suarab psm isi yogyakarta nama dedy harmanto mardian supriadi orang dibaliknbsp',2),('tag:google.com,2013:googlealerts/feed:4932308508119926192','... <b>basket</b> dan marathon. “annual games kali ini memperebutkan hadiah 2 kali lipat lebih banyak dari tahun lalu. dulunya rp 35 juta dan sekarang total&nbsp;...',' bbasketb dan marathon annual games kali ini memperebutkan hadiah  kali lipat lebih banyak dari tahun lalu dulunya rp  juta dan sekarang totalnbsp',' bbasketb dan marathon annual games kali ini memperebutkan hadiah  kali lipat lebih banyak dari tahun lalu dulunya rp  juta dan sekarang totalnbsp',' bbasketb marathon annual games memperebutkan hadiah  lipat tahun dulunya rp  juta totalnbsp','bbasketb marathon annual games rebut hadiah lipat tahun dulunya rp juta totalnbsp','bbasketb,marathon,annual,games,rebut,hadiah,lipat,tahun,dulunya,rp,juta,totalnbsp','bbasketb marathon annual games rebut hadiah lipat tahun dulunya rp juta totalnbsp',4),('tag:google.com,2013:googlealerts/feed:5008891501512106803','exxon <b>mobil</b> (xom) has made what looks like a large top formation. this top has bearish implications that could last into 2024. let&#39;s check it out.','exxon bmobilb xom has made what looks like a large top formation this top has bearish implications that could last into  lets check it out','exxon bmobilb xom has made what looks like a large top formation this top has bearish implications that could last into  lets check it out','exxon bmobilb xom has made what looks like a large top formation this top has bearish implications that could last into  lets check it out','exxon bmobilb xom has made what looks like a large top formation this top has bearish implications that could last into lets check it out','exxon,bmobilb,xom,has,made,what,looks,like,a,large,top,formation,this,top,has,bearish,implications,that,could,last,into,lets,check,it,out','exxon bmobilb xom has made what looks like a large top formation this top has bearish implications that could last into lets check it out',1),('tag:google.com,2013:googlealerts/feed:5068461127302271070','... <b>gaming</b> dari lenovo,” ucap clifford chong, <b>gaming</b> category manager lenovo asia pacific. salah satu yang menjadi pusat perhatian dan menjadi hal&nbsp;...',' bgamingb dari lenovo ucap clifford chong bgamingb category manager lenovo asia pacific salah satu yang menjadi pusat perhatian dan menjadi halnbsp',' bgamingb dari lenovo ucap clifford chong bgamingb category manager lenovo asia pacific salah satu yang menjadi pusat perhatian dan menjadi halnbsp',' bgamingb lenovo ucap clifford chong bgamingb category manager lenovo asia pacific salah satu menjadi pusat perhatian menjadi halnbsp','bgamingb lenovo ucap clifford chong bgamingb category manager lenovo asia pacific salah satu jadi pusat perhati jadi halnbsp','bgamingb,lenovo,ucap,clifford,chong,bgamingb,category,manager,lenovo,asia,pacific,salah,satu,jadi,pusat,perhati,jadi,halnbsp','bgamingb lenovo ucap clifford chong bgamingb category manager lenovo asia pacific salah satu jadi pusat perhati jadi halnbsp',5),('tag:google.com,2013:googlealerts/feed:5078714484016473607','di antaranya pembacaan panca praseya korpri, <b>paduan suara</b> mars korpri, tenis meja, dan fun run 5k. kegiatan fun run ini rencananya akan&nbsp;...','di antaranya pembacaan panca praseya korpri bpaduan suarab mars korpri tenis meja dan fun run k kegiatan fun run ini rencananya akannbsp','di antaranya pembacaan panca praseya korpri bpaduan suarab mars korpri tenis meja dan fun run k kegiatan fun run ini rencananya akannbsp','pembacaan panca praseya korpri bpaduan suarab mars korpri tenis meja fun run k kegiatan fun run rencananya akannbsp','baca panca praseya korpri bpaduan suarab mars korpri tenis meja fun run k giat fun run rencana akannbsp','baca,panca,praseya,korpri,bpaduan,suarab,mars,korpri,tenis,meja,fun,run,k,giat,fun,run,rencana,akannbsp','baca panca praseya korpri bpaduan suarab mars korpri tenis meja fun run k giat fun run rencana akannbsp',2),('tag:google.com,2013:googlealerts/feed:5494367896600102861','... <b>paduan suara</b>, cerdas tangkas, tadarrus, serta pengumpulan donasi gerakan “seliter” beras untuk kemanusiaan dari asn. “juga akan ada jalan santai&nbsp;...',' bpaduan suarab cerdas tangkas tadarrus serta pengumpulan donasi gerakan seliter beras untuk kemanusiaan dari asn juga akan ada jalan santainbsp',' bpaduan suarab cerdas tangkas tadarrus serta pengumpulan donasi gerakan seliter beras untuk kemanusiaan dari asn juga akan ada jalan santainbsp',' bpaduan suarab cerdas tangkas tadarrus pengumpulan donasi gerakan seliter beras kemanusiaan asn jalan santainbsp','bpaduan suarab cerdas tangkas tadarrus kumpul donasi gera liter beras manusia asn jalan santainbsp','bpaduan,suarab,cerdas,tangkas,tadarrus,kumpul,donasi,gera,liter,beras,manusia,asn,jalan,santainbsp','bpaduan suarab cerdas tangkas tadarrus kumpul donasi gera liter beras manusia asn jalan santainbsp',2),('tag:google.com,2013:googlealerts/feed:5594284115153499357','transisi energi dan program dekarbonisasi merupakan salah satu hal yang terus diperhatikan oleh <b>universitas</b> pertamina.','transisi energi dan program dekarbonisasi merupakan salah satu hal yang terus diperhatikan oleh buniversitasb pertamina','transisi energi dan program dekarbonisasi merupakan salah satu hal yang terus diperhatikan oleh buniversitasb pertamina','transisi energi program dekarbonisasi salah satu diperhatikan buniversitasb pertamina','transisi energi program dekarbonisasi salah satu perhati buniversitasb pertamina','transisi,energi,program,dekarbonisasi,salah,satu,perhati,buniversitasb,pertamina','transisi energi program dekarbonisasi salah satu perhati buniversitasb pertamina',3),('tag:google.com,2013:googlealerts/feed:5618655813871215749','... <b>mobil</b> gas station following russia&#39;s invasion of ukraine, in west hollywood, calif., friday, feb. 25, 2022. (ap photo/damian dovarganes). by: ryan&nbsp;...',' bmobilb gas station following russias invasion of ukraine in west hollywood calif friday feb   ap photodamian dovarganes by ryannbsp',' bmobilb gas station following russias invasion of ukraine in west hollywood calif friday feb   ap photodamian dovarganes by ryannbsp',' bmobilb gas station following russias invasion of ukraine in west hollywood calif friday feb   ap photodamian dovarganes by ryannbsp','bmobilb gas station following russias invasion of ukraine in west hollywood calif friday feb ap photodamian dovarganes by ryannbsp','bmobilb,gas,station,following,russias,invasion,of,ukraine,in,west,hollywood,calif,friday,feb,ap,photodamian,dovarganes,by,ryannbsp','bmobilb gas station following russias invasion of ukraine in west hollywood calif friday feb ap photodamian dovarganes by ryannbsp',1),('tag:google.com,2013:googlealerts/feed:5984382715403809183','samsung a05s: hp entry level rp2 jutaan bikin minder merek lain, dari performa <b>gaming</b> hingga desain stylish! simak pembahasannya disini.','samsung as hp entry level rp jutaan bikin minder merek lain dari performa bgamingb hingga desain stylish simak pembahasannya disini','samsung as hp entry level rp jutaan bikin minder merek lain dari performa bgamingb hingga desain stylish simak pembahasannya disini','samsung as hp entry level rp jutaan bikin minder merek performa bgamingb desain stylish simak pembahasannya','samsung as hp entry level rp juta bikin minder merek performa bgamingb desain stylish simak bahas','samsung,as,hp,entry,level,rp,juta,bikin,minder,merek,performa,bgamingb,desain,stylish,simak,bahas','samsung as hp entry level rp juta bikin minder merek performa bgamingb desain stylish simak bahas',5),('tag:google.com,2013:googlealerts/feed:6134764309953541077','ini tidak hanya menjaga suhu tetap rendah, tetapi juga memastikan distribusi panas yang merata, memberikan kinerja optimal selama sesi <b>gaming</b> panjang.','ini tidak hanya menjaga suhu tetap rendah tetapi juga memastikan distribusi panas yang merata memberikan kinerja optimal selama sesi bgamingb panjang','ini tidak hanya menjaga suhu tetap rendah tetapi juga memastikan distribusi panas yang merata memberikan kinerja optimal selama sesi bgamingb panjang','menjaga suhu tetap rendah memastikan distribusi panas merata memberikan kinerja optimal sesi bgamingb panjang','jaga suhu tetap rendah pasti distribusi panas rata beri kerja optimal sesi bgamingb panjang','jaga,suhu,tetap,rendah,pasti,distribusi,panas,rata,beri,kerja,optimal,sesi,bgamingb,panjang','jaga suhu tetap rendah pasti distribusi panas rata beri kerja optimal sesi bgamingb panjang',5),('tag:google.com,2013:googlealerts/feed:6286837282366549596','bicara berita - hadir sebagai bagian dari keluarga zte mobile indonesia, nubia neo 5g disebut sebagai new series 5g <b>gaming</b> phone yang menawarkan&nbsp;...','bicara berita  hadir sebagai bagian dari keluarga zte mobile indonesia nubia neo g disebut sebagai new series g bgamingb phone yang menawarkannbsp','bicara berita  hadir sebagai bagian dari keluarga zte mobile indonesia nubia neo g disebut sebagai new series g bgamingb phone yang menawarkannbsp','bicara berita  hadir bagian keluarga zte mobile indonesia nubia neo g disebut new series g bgamingb phone menawarkannbsp','bicara berita hadir bagi keluarga zte mobile indonesia nubia neo g sebut new series g bgamingb phone menawarkannbsp','bicara,berita,hadir,bagi,keluarga,zte,mobile,indonesia,nubia,neo,g,sebut,new,series,g,bgamingb,phone,menawarkannbsp','bicara berita hadir bagi keluarga zte mobile indonesia nubia neo g sebut new series g bgamingb phone menawarkannbsp',5),('tag:google.com,2013:googlealerts/feed:6420304841645207634','sejak kecil haezargraves sudah mencintai <b>basket</b>, terlahir sebagai anak dari pelatih <b>basket</b> herry tumuwo, hampir setiap hari ia bermain <b>basket</b>.','sejak kecil haezargraves sudah mencintai bbasketb terlahir sebagai anak dari pelatih bbasketb herry tumuwo hampir setiap hari ia bermain bbasketb','sejak kecil haezargraves sudah mencintai bbasketb terlahir sebagai anak dari pelatih bbasketb herry tumuwo hampir setiap hari ia bermain bbasketb','haezargraves mencintai bbasketb terlahir anak pelatih bbasketb herry tumuwo hari bermain bbasketb','haezargraves cinta bbasketb lahir anak latih bbasketb herry tumuwo hari main bbasketb','haezargraves,cinta,bbasketb,lahir,anak,latih,bbasketb,herry,tumuwo,hari,main,bbasketb','haezargraves cinta bbasketb lahir anak latih bbasketb herry tumuwo hari main bbasketb',4),('tag:google.com,2013:googlealerts/feed:6690937702863007007','roag <b>gaming</b> new 7.1k views &middot; 7:24. go to channel &middot; takdir cinta yang kupilih hari ini 6 november 2023 || episode 493 { full episode - hd 100% }. aulia&nbsp;...','roag bgamingb new k views middot  go to channel middot takdir cinta yang kupilih hari ini  november   episode   full episode  hd   aulianbsp','roag bgamingb new k views middot  go to channel middot takdir cinta yang kupilih hari ini  november   episode   full episode  hd   aulianbsp','roag bgamingb new k views middot  go to channel middot takdir cinta kupilih hari  november   episode   full episode  hd   aulianbsp','roag bgamingb new k views middot go to channel middot takdir cinta pilih hari november episode full episode hd aulianbsp','roag,bgamingb,new,k,views,middot,go,to,channel,middot,takdir,cinta,pilih,hari,november,episode,full,episode,hd,aulianbsp','roag bgamingb new k views middot go to channel middot takdir cinta pilih hari november episode full episode hd aulianbsp',5),('tag:google.com,2013:googlealerts/feed:671342255841201513','festival pelajar paman birin cup 3x3 <b>basketball</b> competition di lapangan <b>basket</b> amandit, kota kandangan, kabupaten hss, kalsel.','festival pelajar paman birin cup x bbasketballb competition di lapangan bbasketb amandit kota kandangan kabupaten hss kalsel','festival pelajar paman birin cup x bbasketballb competition di lapangan bbasketb amandit kota kandangan kabupaten hss kalsel','festival pelajar paman birin cup x bbasketballb competition lapangan bbasketb amandit kota kandangan kabupaten hss kalsel','festival ajar paman birin cup x bbasketballb competition lapang bbasketb amandit kota kandang kabupaten hss kalsel','festival,ajar,paman,birin,cup,x,bbasketballb,competition,lapang,bbasketb,amandit,kota,kandang,kabupaten,hss,kalsel','festival ajar paman birin cup x bbasketballb competition lapang bbasketb amandit kota kandang kabupaten hss kalsel',4),('tag:google.com,2013:googlealerts/feed:6740761619678632671','berikut spesifikasi dan harga terbaru vivo v29e 5g di bulan november 2023, hp premium yang lagi diincar oleh para konten kreator.','berikut spesifikasi dan harga terbaru vivo ve g di bulan november  hp premium yang lagi diincar oleh para konten kreator','berikut spesifikasi dan harga terbaru vivo ve g di bulan november  hp premium yang lagi diincar oleh para konten kreator','berikut spesifikasi harga terbaru vivo ve g bulan november  hp premium diincar konten kreator','ikut spesifikasi harga baru vivo ve g bulan november hp premium incar konten kreator','ikut,spesifikasi,harga,baru,vivo,ve,g,bulan,november,hp,premium,incar,konten,kreator','ikut spesifikasi harga baru vivo ve g bulan november hp premium incar konten kreator',5),('tag:google.com,2013:googlealerts/feed:6766470074795795231','darwati susilastuti, direktur pascasarjana <b>universitas</b> borobudur sekaligus ketua program studi doktor ilmu hukum <b>universitas</b> borobudur prof. faisal&nbsp;...','darwati susilastuti direktur pascasarjana buniversitasb borobudur sekaligus ketua program studi doktor ilmu hukum buniversitasb borobudur prof faisalnbsp','darwati susilastuti direktur pascasarjana buniversitasb borobudur sekaligus ketua program studi doktor ilmu hukum buniversitasb borobudur prof faisalnbsp','darwati susilastuti direktur pascasarjana buniversitasb borobudur ketua program studi doktor ilmu hukum buniversitasb borobudur prof faisalnbsp','darwati susilastuti direktur pascasarjana buniversitasb borobudur ketua program studi doktor ilmu hukum buniversitasb borobudur prof faisalnbsp','darwati,susilastuti,direktur,pascasarjana,buniversitasb,borobudur,ketua,program,studi,doktor,ilmu,hukum,buniversitasb,borobudur,prof,faisalnbsp','darwati susilastuti direktur pascasarjana buniversitasb borobudur ketua program studi doktor ilmu hukum buniversitasb borobudur prof faisalnbsp',3),('tag:google.com,2013:googlealerts/feed:6802679953257030360','jakarta - quacquarelli symonds (qs) kembali mengeluarkan peringkat <b>universitas</b> terbaik di asia tahun 2024. quacquarelli symonds asia university&nbsp;...','jakarta  quacquarelli symonds qs kembali mengeluarkan peringkat buniversitasb terbaik di asia tahun  quacquarelli symonds asia universitynbsp','jakarta  quacquarelli symonds qs kembali mengeluarkan peringkat buniversitasb terbaik di asia tahun  quacquarelli symonds asia universitynbsp','jakarta  quacquarelli symonds qs kembali mengeluarkan peringkat buniversitasb terbaik asia tahun  quacquarelli symonds asia universitynbsp','jakarta quacquarelli symonds qs kembali keluar peringkat buniversitasb baik asia tahun quacquarelli symonds asia universitynbsp','jakarta,quacquarelli,symonds,qs,kembali,keluar,peringkat,buniversitasb,baik,asia,tahun,quacquarelli,symonds,asia,universitynbsp','jakarta quacquarelli symonds qs kembali keluar peringkat buniversitasb baik asia tahun quacquarelli symonds asia universitynbsp',3),('tag:google.com,2013:googlealerts/feed:69252711264683161','on november 10, 2023, piper sandler analyst ryan m. todd expressed his strong support for exxon <b>mobil</b> corporation (nyse:xom) as his top choice in&nbsp;...','on november   piper sandler analyst ryan m todd expressed his strong support for exxon bmobilb corporation nysexom as his top choice innbsp','on november   piper sandler analyst ryan m todd expressed his strong support for exxon bmobilb corporation nysexom as his top choice innbsp','on november   piper sandler analyst ryan m todd expressed his strong support for exxon bmobilb corporation nysexom as his top choice innbsp','on november piper sandler analyst ryan m todd expressed his strong support for exxon bmobilb corporation nysexom as his top choice innbsp','on,november,piper,sandler,analyst,ryan,m,todd,expressed,his,strong,support,for,exxon,bmobilb,corporation,nysexom,as,his,top,choice,innbsp','on november piper sandler analyst ryan m todd expressed his strong support for exxon bmobilb corporation nysexom as his top choice innbsp',1),('tag:google.com,2013:googlealerts/feed:6959928286328202119','exxon <b>mobil</b> corp. follow. show more companies. houston, nov 10 (reuters) - oilfield service companies that cater to u.s. shale oil and gas producers&nbsp;...','exxon bmobilb corp follow show more companies houston nov  reuters  oilfield service companies that cater to us shale oil and gas producersnbsp','exxon bmobilb corp follow show more companies houston nov  reuters  oilfield service companies that cater to us shale oil and gas producersnbsp','exxon bmobilb corp follow show more companies houston nov  reuters  oilfield service companies that cater to us shale oil and gas producersnbsp','exxon bmobilb corp follow show more companies houston nov reuters oilfield service companies that cater to us shale oil and gas producersnbsp','exxon,bmobilb,corp,follow,show,more,companies,houston,nov,reuters,oilfield,service,companies,that,cater,to,us,shale,oil,and,gas,producersnbsp','exxon bmobilb corp follow show more companies houston nov reuters oilfield service companies that cater to us shale oil and gas producersnbsp',1),('tag:google.com,2013:googlealerts/feed:7183363227697903703','dimeriahkan dengan tampilan <b>paduan suara</b> kolaborasi dari siswa siswi sma takmiriyah surabaya, sma katolik stella maris, sma kristen pirngadi&nbsp;...','dimeriahkan dengan tampilan bpaduan suarab kolaborasi dari siswa siswi sma takmiriyah surabaya sma katolik stella maris sma kristen pirngadinbsp','dimeriahkan dengan tampilan bpaduan suarab kolaborasi dari siswa siswi sma takmiriyah surabaya sma katolik stella maris sma kristen pirngadinbsp','dimeriahkan tampilan bpaduan suarab kolaborasi siswa siswi sma takmiriyah surabaya sma katolik stella maris sma kristen pirngadinbsp','riah tampil bpaduan suarab kolaborasi siswa siswi sma takmiriyah surabaya sma katolik stella mar sma kristen pirngadinbsp','riah,tampil,bpaduan,suarab,kolaborasi,siswa,siswi,sma,takmiriyah,surabaya,sma,katolik,stella,mar,sma,kristen,pirngadinbsp','riah tampil bpaduan suarab kolaborasi siswa siswi sma takmiriyah surabaya sma katolik stella mar sma kristen pirngadinbsp',2),('tag:google.com,2013:googlealerts/feed:7334082268972034342','tim <b>paduan suara</b> usk memukau dengan membawakan lagu “we will not go down” yang sangat terkenal. rektor usk, prof. dr. ir. marwan, bahkan&nbsp;...','tim bpaduan suarab usk memukau dengan membawakan lagu we will not go down yang sangat terkenal rektor usk prof dr ir marwan bahkannbsp','tim bpaduan suarab usk memukau dengan membawakan lagu we will not go down yang sangat terkenal rektor usk prof dr ir marwan bahkannbsp','tim bpaduan suarab usk memukau membawakan lagu we will not go down terkenal rektor usk prof dr ir marwan bahkannbsp','tim bpaduan suarab usk pukau bawa lagu we will not go down kenal rektor usk prof dr ir marwan bahkannbsp','tim,bpaduan,suarab,usk,pukau,bawa,lagu,we,will,not,go,down,kenal,rektor,usk,prof,dr,ir,marwan,bahkannbsp','tim bpaduan suarab usk pukau bawa lagu we will not go down kenal rektor usk prof dr ir marwan bahkannbsp',2),('tag:google.com,2013:googlealerts/feed:7417861826270845372','the theft occurred just past midnight saturday at a <b>mobil</b> gas station off southwest fountainview boulevard. see also: stuart house fire claims&nbsp;...','the theft occurred just past midnight saturday at a bmobilb gas station off southwest fountainview boulevard see also stuart house fire claimsnbsp','the theft occurred just past midnight saturday at a bmobilb gas station off southwest fountainview boulevard see also stuart house fire claimsnbsp','the theft occurred just past midnight saturday at a bmobilb gas station off southwest fountainview boulevard see also stuart house fire claimsnbsp','the theft occurred just past midnight saturday at a bmobilb gas station off southwest fountainview boulevard see also stuart house fire claimsnbsp','the,theft,occurred,just,past,midnight,saturday,at,a,bmobilb,gas,station,off,southwest,fountainview,boulevard,see,also,stuart,house,fire,claimsnbsp','the theft occurred just past midnight saturday at a bmobilb gas station off southwest fountainview boulevard see also stuart house fire claimsnbsp',1),('tag:google.com,2013:googlealerts/feed:7441901263797512300','keren! <b>paduan suara</b> ub, floice sabet gold medal di busan&nbsp;...','keren bpaduan suarab ub floice sabet gold medal di busannbsp','keren bpaduan suarab ub floice sabet gold medal di busannbsp','keren bpaduan suarab ub floice sabet gold medal busannbsp','keren bpaduan suarab ub floice sabet gold medal busannbsp','keren,bpaduan,suarab,ub,floice,sabet,gold,medal,busannbsp','keren bpaduan suarab ub floice sabet gold medal busannbsp',2),('tag:google.com,2013:googlealerts/feed:7716761112950359009','... <b>basket</b> internasional. baca juga: rahasia pandu wiguna, pemain timnas <b>basket</b>, bebas mata minus juara indonesian <b>basketball</b> league 2023. dance&nbsp;...',' bbasketb internasional baca juga rahasia pandu wiguna pemain timnas bbasketb bebas mata minus juara indonesian bbasketballb league  dancenbsp',' bbasketb internasional baca juga rahasia pandu wiguna pemain timnas bbasketb bebas mata minus juara indonesian bbasketballb league  dancenbsp',' bbasketb internasional baca rahasia pandu wiguna pemain timnas bbasketb bebas mata minus juara indonesian bbasketballb league  dancenbsp','bbasketb internasional baca rahasia pandu wiguna main timnas bbasketb bebas mata minus juara indonesian bbasketballb league dancenbsp','bbasketb,internasional,baca,rahasia,pandu,wiguna,main,timnas,bbasketb,bebas,mata,minus,juara,indonesian,bbasketballb,league,dancenbsp','bbasketb internasional baca rahasia pandu wiguna main timnas bbasketb bebas mata minus juara indonesian bbasketballb league dancenbsp',4),('tag:google.com,2013:googlealerts/feed:7922986189145687347','baca juga : tim <b>basket</b> putra sidoarjo tumbangkan tim <b>basket</b> mojokerto di porprov jatim 2023. “hasilnya besok (senin) akan sampaikan. sekarang masih&nbsp;...','baca juga  tim bbasketb putra sidoarjo tumbangkan tim bbasketb mojokerto di porprov jatim  hasilnya besok senin akan sampaikan sekarang masihnbsp','baca juga  tim bbasketb putra sidoarjo tumbangkan tim bbasketb mojokerto di porprov jatim  hasilnya besok senin akan sampaikan sekarang masihnbsp','baca  tim bbasketb putra sidoarjo tumbangkan tim bbasketb mojokerto porprov jatim  hasilnya besok senin sampaikan masihnbsp','baca tim bbasketb putra sidoarjo tumbang tim bbasketb mojokerto porprov jatim hasil besok senin sampai masihnbsp','baca,tim,bbasketb,putra,sidoarjo,tumbang,tim,bbasketb,mojokerto,porprov,jatim,hasil,besok,senin,sampai,masihnbsp','baca tim bbasketb putra sidoarjo tumbang tim bbasketb mojokerto porprov jatim hasil besok senin sampai masihnbsp',4),('tag:google.com,2013:googlealerts/feed:8371089204014201345','fakultas teknik ugm berkolaborasi dengan toyota menyelenggarakan seminar nasional dalam rangka 100 tahun industri otomotif indonesia.','fakultas teknik ugm berkolaborasi dengan toyota menyelenggarakan seminar nasional dalam rangka  tahun industri otomotif indonesia','fakultas teknik ugm berkolaborasi dengan toyota menyelenggarakan seminar nasional dalam rangka  tahun industri otomotif indonesia','fakultas teknik ugm berkolaborasi toyota menyelenggarakan seminar nasional rangka  tahun industri otomotif indonesia','fakultas teknik ugm kolaborasi toyota selenggara seminar nasional rangka tahun industri otomotif indonesia','fakultas,teknik,ugm,kolaborasi,toyota,selenggara,seminar,nasional,rangka,tahun,industri,otomotif,indonesia','fakultas teknik ugm kolaborasi toyota selenggara seminar nasional rangka tahun industri otomotif indonesia',3),('tag:google.com,2013:googlealerts/feed:843061394287766226','foto : iringi pembukaan pesparawi, <b>paduan suara</b> man alor tampil memukau &middot; iringi pembukaan pesparawi, <b>paduan suara</b> man alor tampil memukau. jumat, 03&nbsp;...','foto  iringi pembukaan pesparawi bpaduan suarab man alor tampil memukau middot iringi pembukaan pesparawi bpaduan suarab man alor tampil memukau jumat nbsp','foto  iringi pembukaan pesparawi bpaduan suarab man alor tampil memukau middot iringi pembukaan pesparawi bpaduan suarab man alor tampil memukau jumat nbsp','foto  iringi pembukaan pesparawi bpaduan suarab man alor tampil memukau middot iringi pembukaan pesparawi bpaduan suarab man alor tampil memukau jumat nbsp','foto iring buka pesparawi bpaduan suarab man alor tampil pukau middot iring buka pesparawi bpaduan suarab man alor tampil pukau jumat nbsp','foto,iring,buka,pesparawi,bpaduan,suarab,man,alor,tampil,pukau,middot,iring,buka,pesparawi,bpaduan,suarab,man,alor,tampil,pukau,jumat,nbsp','foto iring buka pesparawi bpaduan suarab man alor tampil pukau middot iring buka pesparawi bpaduan suarab man alor tampil pukau jumat nbsp',2),('tag:google.com,2013:googlealerts/feed:850191375641467294','nicke widyawati mengatakan <b>universitas</b> pertamina harus berperan menyiapkan lulusan dengan keterampilan berkelanjutan demi menghadapi tantangan&nbsp;...','nicke widyawati mengatakan buniversitasb pertamina harus berperan menyiapkan lulusan dengan keterampilan berkelanjutan demi menghadapi tantangannbsp','nicke widyawati mengatakan buniversitasb pertamina harus berperan menyiapkan lulusan dengan keterampilan berkelanjutan demi menghadapi tantangannbsp','nicke widyawati mengatakan buniversitasb pertamina berperan menyiapkan lulusan keterampilan berkelanjutan menghadapi tantangannbsp','nicke widyawati kata buniversitasb pertamina peran siap lulus terampil lanjut hadap tantangannbsp','nicke,widyawati,kata,buniversitasb,pertamina,peran,siap,lulus,terampil,lanjut,hadap,tantangannbsp','nicke widyawati kata buniversitasb pertamina peran siap lulus terampil lanjut hadap tantangannbsp',3),('tag:google.com,2013:googlealerts/feed:9190481525992080545','sementara itu, kapten tim <b>basket</b> sma negeri 3 makassar alif menyebut timnya telah mempersiapkan diri sebelum bertanding di gor andi mattalatta, yang&nbsp;...','sementara itu kapten tim bbasketb sma negeri  makassar alif menyebut timnya telah mempersiapkan diri sebelum bertanding di gor andi mattalatta yangnbsp','sementara itu kapten tim bbasketb sma negeri  makassar alif menyebut timnya telah mempersiapkan diri sebelum bertanding di gor andi mattalatta yangnbsp','kapten tim bbasketb sma negeri  makassar alif menyebut timnya mempersiapkan bertanding gor andi mattalatta yangnbsp','kapten tim bbasketb sma negeri makassar alif sebut tim siap tanding gor andi mattalatta yangnbsp','kapten,tim,bbasketb,sma,negeri,makassar,alif,sebut,tim,siap,tanding,gor,andi,mattalatta,yangnbsp','kapten tim bbasketb sma negeri makassar alif sebut tim siap tanding gor andi mattalatta yangnbsp',4),('tag:google.com,2013:googlealerts/feed:9857719871304893713','hp <b>gaming</b> 1 jutaan rupiah tidak pernah sepi peminat dan kehilangan penggemar.','hp bgamingb  jutaan rupiah tidak pernah sepi peminat dan kehilangan penggemar','hp bgamingb  jutaan rupiah tidak pernah sepi peminat dan kehilangan penggemar','hp bgamingb  jutaan rupiah sepi peminat kehilangan penggemar','hp bgamingb juta rupiah sepi minat hilang gemar','hp,bgamingb,juta,rupiah,sepi,minat,hilang,gemar','hp bgamingb juta rupiah sepi minat hilang gemar',5),('tag:google.com,2013:googlealerts/feed:9873498097531375324','adapun hasil kejuaraan bola <b>basket</b> putra walikota bandung lima cup 4 jenjang smp tingkat nasional yang digelar sejak 30 oktober hingga 9 november 2023&nbsp;...','adapun hasil kejuaraan bola bbasketb putra walikota bandung lima cup  jenjang smp tingkat nasional yang digelar sejak  oktober hingga  november nbsp','adapun hasil kejuaraan bola bbasketb putra walikota bandung lima cup  jenjang smp tingkat nasional yang digelar sejak  oktober hingga  november nbsp','hasil kejuaraan bola bbasketb putra walikota bandung lima cup  jenjang smp tingkat nasional digelar  oktober  november nbsp','hasil juara bola bbasketb putra walikota bandung lima cup jenjang smp tingkat nasional gelar oktober november nbsp','hasil,juara,bola,bbasketb,putra,walikota,bandung,lima,cup,jenjang,smp,tingkat,nasional,gelar,oktober,november,nbsp','hasil juara bola bbasketb putra walikota bandung lima cup jenjang smp tingkat nasional gelar oktober november nbsp',4);

#
# Structure for table "probabilitas_kata_2211501180"
#

DROP TABLE IF EXISTS `probabilitas_kata_2211501180`;
CREATE TABLE `probabilitas_kata_2211501180` (
  `kata` varchar(100) NOT NULL,
  `id_kategori` int(11) NOT NULL,
  `jml_data` int(11) DEFAULT 0,
  `nilai_probabilitas` float(10,10) DEFAULT 0.0000000000
) ENGINE=InnoDB DEFAULT CHARSET=utf8mb4 COLLATE=utf8mb4_general_ci;

#
# Data for table "probabilitas_kata_2211501180"
#


#
# Structure for table "probabilitas_kategori_2211501180"
#

DROP TABLE IF EXISTS `probabilitas_kategori_2211501180`;
CREATE TABLE `probabilitas_kategori_2211501180` (
  `id_kategori` int(11) NOT NULL,
  `jml_data` int(11) DEFAULT 0,
  `nilai_probabilitas` float(10,10) DEFAULT 0.0000000000,
  `tmp_nilai` float(10,10) DEFAULT NULL,
  PRIMARY KEY (`id_kategori`)
) ENGINE=InnoDB DEFAULT CHARSET=utf8mb4 COLLATE=utf8mb4_general_ci;

#
# Data for table "probabilitas_kategori_2211501180"
#


#
# Structure for table "slangword_2211501180"
#

DROP TABLE IF EXISTS `slangword_2211501180`;
CREATE TABLE `slangword_2211501180` (
  `kata_tbaku` varchar(50) NOT NULL,
  `kata_baku` varchar(100) NOT NULL
) ENGINE=InnoDB DEFAULT CHARSET=utf8mb4 COLLATE=utf8mb4_general_ci;

#
# Data for table "slangword_2211501180"
#

INSERT INTO `slangword_2211501180` VALUES ('abjad ','abjat\r'),('advokat','adpokat\r'),('adhesi ','adesi\r'),('afdal ','afdol\r'),('aktif ','aktip\r'),('aktivitas ','aktifitas\r'),('akuatik ','aquatik\r'),('ambeien ','ambeyen\r'),('alarm ','alaram\r'),('ambulans ','ambulan\r'),('amendemen ','amandemen\r'),('amfibi ','ampibi\r'),('amonia ','amoniak\r'),('analisis ','analisa\r'),('andal ','handal\r'),('antre ','antri\r'),('apotek ','apotik\r'),('artefak ','artifak\r'),('asas ','azas\r'),('astronout ','astronot\r'),('asyik ','asik\r'),('ateis ','atheis\r'),('ateisme ','atheisme\r'),('atlet ','atlit\r'),('atmosfer ','atmosfir\r'),('autentik ','otentik\r'),('azan ','adzan\r'),('balig ','baligh\r'),('balsam ','balsem\r'),('baterai ','baterei\r'),('berandal ','brandal\r'),('berantas ','brantas\r'),('berengsek ','brengsek\r'),('berpikir ','berfikir\r'),('bertanggung jawab ','bertanggungjawab\r'),('bolpoin ','bolpen\r'),('brankas ','berankas\r'),('bujet ','budget\r'),('boling ','bowling\r'),('boraks ','borax\r'),('bus ','bis\r'),('cabai ','cabe\r'),('capai ','capek\r'),('cecak ','cicak\r'),('cedera ','cidera\r'),('cendekia ','cendikia\r'),('cendekiawan ','cendikiawan\r'),('cendera mata ','cenderamata\r'),('cengkerama ','cengkrama\r'),('cengkih ','cengkeh\r'),('cokelat ','coklat\r'),('daftar ','daptar\r'),('dahsyat ','dasyat\r'),('dahulu ','dulu\r'),('darmasiswa ','darma siswa\r'),('darmawisata ','darma wisata\r'),('dasbor ','dasbord\r'),('debitur ','debitor\r'),('detail ','detil\r'),('detergen ','deterjen\r'),('digit ','dijit\r'),('diagnosis ','diagnosa\r'),('diferensial ','differensial\r'),('dolar ','dollar\r'),('doping ','dopping\r'),('dram / drum ','drem\r'),('durian ','duren\r'),('efektif ','efektip\r'),('eksplisit ','explisit\r'),('eksponen ','eksponent\r'),('ekspor ','eksport\r'),('ekspres ','expres\r'),('ekstra ','extra\r'),('ekstrem ','ekstrim\r'),('ekuivalen ','ekuifalen\r'),('elite ','elit\r'),('embus ','hembus\r'),('esai ','esei\r'),('faksimile ','faksimili\r'),('februari ','pebruari\r'),('figur ','figure\r'),('fondasi ','pondasi\r'),('formal ','formil\r'),('fosfor ','pospor\r'),('foto ','photo\r'),('fotokopi ','photokopi\r'),('fotosintesis ','fotosintesa\r'),('fotomodel ','foto-model\r'),('fraksinasi ','fraksinase\r'),('frasa ','frase\r'),('frekuensi ','frekwensi\r'),('gaib ','ghaib / ghoib\r'),('gangster ','gengster\r'),('ganjal ','ganjel\r'),('gatal ','gatel\r'),('gelora ','glora\r'),('geladi ','gladi\r'),('genius ','jenius\r'),('gereget ','greget\r'),('gizi ','giji\r'),('gua ','goa\r'),('gubuk ','gubug\r'),('gudeg','gudek\r'),('hadis','hadist\r'),('hafal ','hapal\r'),('hakikat ','hakekat\r'),('hangus ','angus\r'),('hektare ','hektar\r'),('herpes ','herves\r'),('heterografi ','hetrografi\r'),('hipotesis ','hipotesa\r'),('histori ','history\r'),('idiil ','idil\r'),('ihram ','ikhram\r'),('ijazah ','ijasah\r'),('ikhlas ','iklas / ihlas\r'),('imbau ','himbau\r'),('impor ','import\r'),('indra ','indera\r'),('insaf ','insyaf\r'),('intens ','inten\r'),('inti sari ','intisari\r'),('isap ','hisap\r'),('isra ','isra?\r'),('istigfar ','istighfar\r'),('istri ','isteri\r'),('intermeso ','intemezo\r'),('izin ','ijin\r'),('jadwal ','jadual\r'),('jagat ','jagat\r'),('jaiz ','jais\r'),('jasad ','jasat\r'),('jemaah ','jamaah\r'),('jenazah ','jenasah\r'),('jenderal ','jendral\r'),('judo ','yudo\r'),('jumat ','jum?at\r'),('junior ','yunior\r'),('juri ','yuri\r'),('kaidah ','kaedah\r'),('kakbah ','kaabah / ka?bah\r'),('kanker ','kangker\r'),('karena ','karna?\r'),('karier ','karir\r'),('karisma ','kharisma\r'),('karnaval ','karnafal\r'),('kasrah ','kasroh\r'),('katalisis ','katalisa\r'),('katapel ','ketapel\r'),('kategori ','katagori\r'),('kebun ','kebon\r'),('kedaluwarsa ','kadaluarsa / kadaluwarsa\r'),('kedelai ','kedelei\r'),('kelengkeng ','klengkeng\r'),('kendur ','kendor\r'),('khatam ','katam / hatam\r'),('khawatir ','kuatir\r'),('khotbah ','khutbah\r'),('kiai ','kyai\r'),('klien ','client\r'),('kliping ','keliping\r'),('kloter ','keloter\r'),('koboi ','koboy\r'),('komersial ','komersil\r'),('kompleks ','komplek\r'),('komplet ','komplit\r'),('kongres ','konggres\r'),('konsumtif ','konsumtip\r'),('koordinasi ','koordinir\r'),('korsleting ','konsleting\r'),('kosa kata ','kosakata\r'),('kreatif ','kreatip\r'),('kreativitas ','kreatifitas\r'),('kreditur ','kreditor\r'),('kualifikasi ','kwalifikasi\r'),('kualitas ','kwalitas\r'),('kuantitatif ','kwantitatif\r'),('kuitansi ','kwitansi\r'),('label ','lebel\r'),('lafal ','lapal\r'),('legalisasi ','legalisir\r'),('lembab ','lembap\r'),('litosfer ','litosfir\r'),('lubang ','lobang\r'),('maaf ','maap\r'),('macam ','macem\r'),('magrib ','maghrib\r'),('maksimum ','maximum\r'),('mangkuk ','mangkok\r'),('mantra ','mantera\r'),('massal ','masal\r'),('masjid ','mesjid\r'),('memengaruhi ','mempengaruhi\r'),('mengonsumsi ','mengkonsumsi\r'),('mengubah ','merubah\r'),('menteri ','mentri\r'),('menyontek ','mencontek\r'),('merek ','merk\r'),('mesosfer ','mesosfir\r'),('meterai ','materai\r'),('metode ','metoda\r'),('mikraj ','mi?raj\r'),('misi ','missi\r'),('miliar ','miliyar\r'),('mulia ','mulya\r'),('nakhoda ','nahkoda\r'),('napas ','nafas\r'),('narasumber ','nara sumber\r'),('nasihat ','nasehat\r'),('negeri ','negri\r'),('neto ','netto\r'),('nomor ','nomer\r'),('nonblok ','non-blok\r'),('nonmiliter ','non militer\r'),('notula ','notulen\r'),('november ','nopember\r'),('objek ','obyek\r'),('objektif ','obyektif\r'),('oke ','ok\r'),('omzet ','omset\r'),('organisasi ','organisir\r'),('orisinal ','orisinil\r'),('paham ','faham\r'),('pahit ','pait\r'),('palem ','palm\r'),('pancuran ','pancoran\r'),('paradoks ','paradox\r'),('pascapanen ','pasca panen\r'),('pascaperang? ','pasca perang\r'),('pascasarjana ','pasca sarjana\r'),('paspor ','pasport\r'),('pedas ','pedes\r'),('permak','vermak\r'),('pensil ','pinsil\r'),('persepsi ','presepsi\r'),('perspektif ','perespektif\r'),('pikir ','fikir\r'),('prancis ','perancis\r'),('presidensial ','presidental\r'),('produktif ','produktip\r'),('produktivitas ','produktifitas\r'),('proyek ','projek\r'),('provinsi ','propinsi\r'),('putra ','putera\r'),('putri ','puteri\r'),('quran ','qur?an\r'),('ramai ','rame\r'),('rapi ','rapih\r'),('rapor ','raport\r'),('reaumur ','reamur\r'),('respons ','respon\r'),('resistans ','resistan\r'),('reumatik ','rematik\r'),('rezeki ','rejeki\r'),('rezim ','resim\r'),('risiko ','resiko\r'),('roboh ','rubuh\r'),('roh ','ruh\r'),('sahih ','sohih\r'),('saksama ','seksama\r'),('sambal ','sambel\r'),('sanksi ','sangsi\r'),('satra ','sastera\r'),('satai ','sate\r'),('saus ','saos\r'),('sekadar ','sekedar\r'),('sekretaris ','sekertaris\r'),('seprai ','seprei\r'),('setrika ','seterika / strika\r'),('sintesis ','sintesa\r'),('sopir ','supir\r'),('standardisasi ','standarisasi\r'),('statosfer ','statosfir\r'),('subjek ','subyek\r'),('survei ','survey\r'),('sutra ','sutera\r'),('swiss ','swis\r'),('syahid ','sahid\r'),('syawal ','sawal\r'),('teknik ','tehnik\r'),('teladan ','tauladan\r'),('telepon ','telpon\r'),('tenteram ','tentram\r'),('termosfer ','termosfir\r'),('tobat ','taubat\r'),('transpor ','transport\r'),('triliun ','triliyun\r'),('tripleks ','triplek\r'),('trofi ','tropi\r'),('umrah ','umroh\r'),('unta ','onta\r'),('urgen ','urgent\r'),('urine ','urin\r'),('ustaz ','ustadz\r'),('utang ','hutang\r'),('varietas ','varietes / varitas\r'),('wali kota ','walikota\r'),('yogyakarta ','jogjakarta\r'),('yudikatif ','judikatif\r'),('zaman ','jaman\r'),('zamrud ','jamrud\r'),('zamzam ','zam-zam\r');
